Workbook
Name SegmentaciónDeDatos_Activo: #N/A

Sheet Operaciones
A1: Capital inicial | B1: 72.04 | C1: =B1+SUM(AH:AH) -> #REF!
A2: Fecha Entrada | B2: Hora Entrada | C2: Activo | F2: Fractales | J2: S/R | K2: Observaciones | L2: Fractales | M2: P_Stock | N2: P_BL | O2: P_R | P2: P_T | Q2: P_global | R2: ENTRADA | S2: Precio Entrada | T2: SL (%) | U2: TP (%) | V2: TIEMPO | W2: SL Precio | X2: TP Precio | Y2: Precio Actual | Z2: Trailing stop | AA2: Precio cierre | AB2: Tamaño ($) | AC2: Resultado | AD2: Fecha Cierre | AE2: Hora Cierre | AF2: Motivo Cierre | AG2: % Retorno | AH2: $ Retorno | AI2: Indicacion | AJ2: Observaciones | AK2: DIAS
A3: 45917 | B3: 0.64771991 | C3: AUDCAD | D3: =IF(COUNTIF(#REF!,"<>NAN")=0, 0, IF(AND(OR(#REF!=#REF!,#REF!="NAN"), OR(#REF!=#REF!,#REF!="NAN"), OR(#REF!=#REF!,#REF!="NAN")),#REF!, 0)) -> #REF! | E3: =IF(#REF!="NAN","",IF( AND(OR(#REF!=#REF!,#REF!="NAN"), OR(#REF!=#REF!,#REF!="NAN"), OR(#REF!=#REF!,#REF!="NAN")), 1, 0)) -> #REF! | G3: =IF(OR(#REF!="UP",#REF!="DOWN"),1,0) -> #REF! | H3: =IF(OR(#REF!="UP",#REF!="DOWN"),1,0) -> #REF! | I3: =IF(OR(#REF!="UP",#REF!="DOWN"),1,0) -> #REF! | M3: =IF(OR(#REF!="UP",#REF!="DOWN"),1,1) -> #REF! | N3: =IF(OR(#REF!="UP",#REF!="DOWN"),VLOOKUP($C3,Configuración!$H$2:$K$11,3),1) -> #REF! | O3: =IF(OR(#REF!="UP",#REF!="DOWN"),VLOOKUP($C3,Configuración!$H$2:$K$11,4),1) -> #REF! | P3: =IF(SUM(G3:I3)=0, 0, IF(SUM(G3:I3)=1, G3*M3 + H3*N3 + I3*O3, IF(SUM(G3:I3)=2, 1 - PRODUCT( IF(G3=1,1-M3,1), IF(H3=1,1-N3,1), IF(I3=1,1-O3,1) ), IF(SUM(G3:I3)=3, 1 - PRODUCT(1-M3,1-N3,1-O3), 0 ) ) ) ) -> #REF! | Q3: =P3*E3 -> #REF! | R3: =IF(AND(OR(D3="UP",D3="DOWN"), Q3>0.95), D3, 0) -> #REF! | T3: =IF(R3<>0,Configuración!$E$2,0) -> #REF! | U3: =IF(R3<>0,Configuración!$F$2,0) -> #REF! | V3: =IF(R3<>0,Configuración!$G$2,0) -> #REF! | W3: =IF(R3="DOWN",S3+(S3*T3/100),S3-(S3*T3/100)) -> #REF! | X3: =IF(R3="DOWN",S3-(S3*U3/100),S3+(S3*U3/100)) -> #REF! | Z3: =IF(R3="DOWN",IF(Y3 < S3 * (1 - 0.01), Y3 * (1 + 0.005), ""),IF(Y3 > S3 * (1 + 0.01), Y3 * (1 - 0.005), "")) -> #REF! | AB3: =(($B$1) *(T3))/100 -> #REF! | AG3: =IF(R3="DOWN",(S3-AA3)/S3*1000,(AA3-S3)/S3*1000) -> #REF! | AH3: =AB3*(AG3) -> #REF! | AI3: =IF(AK3<V3,"MANTENER","CERRAR") -> #REF!
A4: 45917 | B4: 0.65180556 | C4: AUDUSD | D4: =IF(COUNTIF(#REF!,"<>NAN")=0, 0, IF(AND(OR(#REF!=#REF!,#REF!="NAN"), OR(#REF!=#REF!,#REF!="NAN"), OR(#REF!=#REF!,#REF!="NAN")),#REF!, 0)) -> #REF! | E4: =IF(#REF!="NAN","",IF( AND(OR(#REF!=#REF!,#REF!="NAN"), OR(#REF!=#REF!,#REF!="NAN"), OR(#REF!=#REF!,#REF!="NAN")), 1, 0)) -> #REF! | G4: =IF(OR(#REF!="UP",#REF!="DOWN"),1,0) -> #REF! | H4: =IF(OR(#REF!="UP",#REF!="DOWN"),1,0) -> #REF! | I4: =IF(OR(#REF!="UP",#REF!="DOWN"),1,0) -> #REF! | M4: =IF(OR(#REF!="UP",#REF!="DOWN"),1,1) -> #REF! | N4: =IF(OR(#REF!="UP",#REF!="DOWN"),VLOOKUP($C4,Configuración!$H$2:$K$11,3),1) -> #REF! | O4: =IF(OR(#REF!="UP",#REF!="DOWN"),VLOOKUP($C4,Configuración!$H$2:$K$11,4),1) -> #REF! | P4: =IF(SUM(G4:I4)=0, 0, IF(SUM(G4:I4)=1, G4*M4 + H4*N4 + I4*O4, IF(SUM(G4:I4)=2, 1 - PRODUCT( IF(G4=1,1-M4,1), IF(H4=1,1-N4,1), IF(I4=1,1-O4,1) ), IF(SUM(G4:I4)=3, 1 - PRODUCT(1-M4,1-N4,1-O4), 0 ) ) ) ) -> #REF! | Q4: =P4*E4 -> #REF! | R4: =IF(AND(OR(D4="UP",D4="DOWN"), Q4>0.95), D4, 0) -> #REF! | T4: =IF(R4<>0,Configuración!$E$2,0) -> #REF! | U4: =IF(R4<>0,Configuración!$F$2,0) -> #REF! | V4: =IF(R4<>0,Configuración!$G$2,0) -> #REF! | W4: =IF(R4="DOWN",S4+(S4*T4/100),S4-(S4*T4/100)) -> #REF! | X4: =IF(R4="DOWN",S4-(S4*U4/100),S4+(S4*U4/100)) -> #REF! | Z4: =IF(R4="DOWN",IF(Y4 < S4 * (1 - 0.01), Y4 * (1 + 0.005), ""),IF(Y4 > S4 * (1 + 0.01), Y4 * (1 - 0.005), "")) -> #REF! | AB4: =(($B$1) *(T4))/100 -> #REF! | AC4: =IF(AH4>0,"WIN",IF(AH4<0,"LOSS","BREAKEVEN")) -> #REF! | AG4: =IF(R4="DOWN",(S4-AA4)/S4*1000,(AA4-S4)/S4*1000) -> #REF! | AH4: =AB4*(AG4) -> #REF! | AI4: =IF(AK4<V4,"MANTENER","CERRAR") -> #REF!
A5: 45917 | B5: 0.63921296 | C5: CADCHF | D5: =IF(COUNTIF(#REF!,"<>NAN")=0, 0, IF(AND(OR(#REF!=#REF!,#REF!="NAN"), OR(#REF!=#REF!,#REF!="NAN"), OR(#REF!=#REF!,#REF!="NAN")),#REF!, 0)) -> #REF! | E5: =IF(#REF!="NAN","",IF( AND(OR(#REF!=#REF!,#REF!="NAN"), OR(#REF!=#REF!,#REF!="NAN"), OR(#REF!=#REF!,#REF!="NAN")), 1, 0)) -> #REF! | G5: =IF(OR(#REF!="UP",#REF!="DOWN"),1,0) -> #REF! | H5: =IF(OR(#REF!="UP",#REF!="DOWN"),1,0) -> #REF! | I5: =IF(OR(#REF!="UP",#REF!="DOWN"),1,0) -> #REF! | M5: =IF(OR(#REF!="UP",#REF!="DOWN"),1,1) -> #REF! | N5: =IF(OR(#REF!="UP",#REF!="DOWN"),VLOOKUP($C5,Configuración!$H$2:$K$11,3),1) -> #REF! | O5: =IF(OR(#REF!="UP",#REF!="DOWN"),VLOOKUP($C5,Configuración!$H$2:$K$11,4),1) -> #REF! | P5: =IF(SUM(G5:I5)=0, 0, IF(SUM(G5:I5)=1, G5*M5 + H5*N5 + I5*O5, IF(SUM(G5:I5)=2, 1 - PRODUCT( IF(G5=1,1-M5,1), IF(H5=1,1-N5,1), IF(I5=1,1-O5,1) ), IF(SUM(G5:I5)=3, 1 - PRODUCT(1-M5,1-N5,1-O5), 0 ) ) ) ) -> #REF! | Q5: =P5*E5 -> #REF! | R5: =IF(AND(OR(D5="UP",D5="DOWN"), Q5>0.95), D5, 0) -> #REF! | T5: =IF(R5<>0,Configuración!$E$2,0) -> #REF! | U5: =IF(R5<>0,Configuración!$F$2,0) -> #REF! | V5: =IF(R5<>0,Configuración!$G$2,0) -> #REF! | W5: =IF(R5="DOWN",S5+(S5*T5/100),S5-(S5*T5/100)) -> #REF! | X5: =IF(R5="DOWN",S5-(S5*U5/100),S5+(S5*U5/100)) -> #REF! | Z5: =IF(R5="DOWN",IF(Y5 < S5 * (1 - 0.01), Y5 * (1 + 0.005), ""),IF(Y5 > S5 * (1 + 0.01), Y5 * (1 - 0.005), "")) -> #REF! | AB5: =(($B$1) *(T5))/100 -> #REF! | AC5: =IF(AH5>0,"WIN",IF(AH5<0,"LOSS","BREAKEVEN")) -> #REF! | AG5: =IF(R5="DOWN",(S5-AA5)/S5*1000,(AA5-S5)/S5*1000) -> #REF! | AH5: =AB5*(AG5) -> #REF! | AI5: =IF(AK5<V5,"MANTENER","CERRAR") -> #REF!
A6: 45917 | B6: 0.62662037 | C6: CHFJPY | D6: =IF(COUNTIF(#REF!,"<>NAN")=0, 0, IF(AND(OR(#REF!=#REF!,#REF!="NAN"), OR(#REF!=#REF!,#REF!="NAN"), OR(#REF!=#REF!,#REF!="NAN")),#REF!, 0)) -> #REF! | E6: =IF(#REF!="NAN","",IF( AND(OR(#REF!=#REF!,#REF!="NAN"), OR(#REF!=#REF!,#REF!="NAN"), OR(#REF!=#REF!,#REF!="NAN")), 1, 0)) -> #REF! | G6: =IF(OR(#REF!="UP",#REF!="DOWN"),1,0) -> #REF! | H6: =IF(OR(#REF!="UP",#REF!="DOWN"),1,0) -> #REF! | I6: =IF(OR(#REF!="UP",#REF!="DOWN"),1,0) -> #REF! | M6: =IF(OR(#REF!="UP",#REF!="DOWN"),1,1) -> #REF! | N6: =IF(OR(#REF!="UP",#REF!="DOWN"),VLOOKUP($C6,Configuración!$H$2:$K$11,3),1) -> #REF! | O6: =IF(OR(#REF!="UP",#REF!="DOWN"),VLOOKUP($C6,Configuración!$H$2:$K$11,4),1) -> #REF! | P6: =IF(SUM(G6:I6)=0, 0, IF(SUM(G6:I6)=1, G6*M6 + H6*N6 + I6*O6, IF(SUM(G6:I6)=2, 1 - PRODUCT( IF(G6=1,1-M6,1), IF(H6=1,1-N6,1), IF(I6=1,1-O6,1) ), IF(SUM(G6:I6)=3, 1 - PRODUCT(1-M6,1-N6,1-O6), 0 ) ) ) ) -> #REF! | Q6: =P6*E6 -> #REF! | R6: =IF(AND(OR(D6="UP",D6="DOWN"), Q6>0.95), D6, 0) -> #REF! | T6: =IF(R6<>0,Configuración!$E$2,0) -> #REF! | U6: =IF(R6<>0,Configuración!$F$2,0) -> #REF! | V6: =IF(R6<>0,Configuración!$G$2,0) -> #REF! | W6: =IF(R6="DOWN",S6+(S6*T6/100),S6-(S6*T6/100)) -> #REF! | X6: =IF(R6="DOWN",S6-(S6*U6/100),S6+(S6*U6/100)) -> #REF! | Z6: =IF(R6="DOWN",IF(Y6 < S6 * (1 - 0.01), Y6 * (1 + 0.005), ""),IF(Y6 > S6 * (1 + 0.01), Y6 * (1 - 0.005), "")) -> #REF! | AB6: =(($B$1) *(T6))/100 -> #REF! | AG6: =IF(R6="DOWN",(S6-AA6)/S6*1000,(AA6-S6)/S6*1000) -> #REF! | AH6: =AB6*(AG6) -> #REF! | AI6: =IF(AK6<V6,"MANTENER","CERRAR") -> #REF!
A7: 45917 | B7: 0.61402778 | C7: EURAUD | D7: =IF(COUNTIF(#REF!,"<>NAN")=0, 0, IF(AND(OR(#REF!=#REF!,#REF!="NAN"), OR(#REF!=#REF!,#REF!="NAN"), OR(#REF!=#REF!,#REF!="NAN")),#REF!, 0)) -> #REF! | E7: =IF(#REF!="NAN","",IF( AND(OR(#REF!=#REF!,#REF!="NAN"), OR(#REF!=#REF!,#REF!="NAN"), OR(#REF!=#REF!,#REF!="NAN")), 1, 0)) -> #REF! | G7: =IF(OR(#REF!="UP",#REF!="DOWN"),1,0) -> #REF! | H7: =IF(OR(#REF!="UP",#REF!="DOWN"),1,0) -> #REF! | I7: =IF(OR(#REF!="UP",#REF!="DOWN"),1,0) -> #REF! | M7: =IF(OR(#REF!="UP",#REF!="DOWN"),1,1) -> #REF! | N7: =IF(OR(#REF!="UP",#REF!="DOWN"),VLOOKUP($C7,Configuración!$H$2:$K$11,3),1) -> #REF! | O7: =IF(OR(#REF!="UP",#REF!="DOWN"),VLOOKUP($C7,Configuración!$H$2:$K$11,4),1) -> #REF! | P7: =IF(SUM(G7:I7)=0, 0, IF(SUM(G7:I7)=1, G7*M7 + H7*N7 + I7*O7, IF(SUM(G7:I7)=2, 1 - PRODUCT( IF(G7=1,1-M7,1), IF(H7=1,1-N7,1), IF(I7=1,1-O7,1) ), IF(SUM(G7:I7)=3, 1 - PRODUCT(1-M7,1-N7,1-O7), 0 ) ) ) ) -> #REF! | Q7: =P7*E7 -> #REF! | R7: =IF(AND(OR(D7="UP",D7="DOWN"), Q7>0.95), D7, 0) -> #REF! | T7: =IF(R7<>0,Configuración!$E$2,0) -> #REF! | U7: =IF(R7<>0,Configuración!$F$2,0) -> #REF! | V7: =IF(R7<>0,Configuración!$G$2,0) -> #REF! | W7: =IF(R7="DOWN",S7+(S7*T7/100),S7-(S7*T7/100)) -> #REF! | X7: =IF(R7="DOWN",S7-(S7*U7/100),S7+(S7*U7/100)) -> #REF! | Z7: =IF(R7="DOWN",IF(Y7 < S7 * (1 - 0.01), Y7 * (1 + 0.005), ""),IF(Y7 > S7 * (1 + 0.01), Y7 * (1 - 0.005), "")) -> #REF! | AB7: =(($B$1) *(T7))/100 -> #REF! | AG7: =IF(R7="DOWN",(S7-AA7)/S7*1000,(AA7-S7)/S7*1000) -> #REF! | AH7: =AB7*(AG7) -> #REF! | AI7: =IF(AK7<V7,"MANTENER","CERRAR") -> #REF!
A8: 45917 | B8: 0.60143519 | C8: EURUSD | D8: =IF(COUNTIF(#REF!,"<>NAN")=0, 0, IF(AND(OR(#REF!=#REF!,#REF!="NAN"), OR(#REF!=#REF!,#REF!="NAN"), OR(#REF!=#REF!,#REF!="NAN")),#REF!, 0)) -> #REF! | E8: =IF(#REF!="NAN","",IF( AND(OR(#REF!=#REF!,#REF!="NAN"), OR(#REF!=#REF!,#REF!="NAN"), OR(#REF!=#REF!,#REF!="NAN")), 1, 0)) -> #REF! | G8: =IF(OR(#REF!="UP",#REF!="DOWN"),1,0) -> #REF! | H8: =IF(OR(#REF!="UP",#REF!="DOWN"),1,0) -> #REF! | I8: =IF(OR(#REF!="UP",#REF!="DOWN"),1,0) -> #REF! | M8: =IF(OR(#REF!="UP",#REF!="DOWN"),1,1) -> #REF! | N8: =IF(OR(#REF!="UP",#REF!="DOWN"),VLOOKUP($C8,Configuración!$H$2:$K$11,3),1) -> #REF! | O8: =IF(OR(#REF!="UP",#REF!="DOWN"),VLOOKUP($C8,Configuración!$H$2:$K$11,4),1) -> #REF! | P8: =IF(SUM(G8:I8)=0, 0, IF(SUM(G8:I8)=1, G8*M8 + H8*N8 + I8*O8, IF(SUM(G8:I8)=2, 1 - PRODUCT( IF(G8=1,1-M8,1), IF(H8=1,1-N8,1), IF(I8=1,1-O8,1) ), IF(SUM(G8:I8)=3, 1 - PRODUCT(1-M8,1-N8,1-O8), 0 ) ) ) ) -> #REF! | Q8: =P8*E8 -> #REF! | R8: =IF(AND(OR(D8="UP",D8="DOWN"), Q8>0.95), D8, 0) -> #REF! | T8: =IF(R8<>0,Configuración!$E$2,0) -> #REF! | U8: =IF(R8<>0,Configuración!$F$2,0) -> #REF! | V8: =IF(R8<>0,Configuración!$G$2,0) -> #REF! | W8: =IF(R8="DOWN",S8+(S8*T8/100),S8-(S8*T8/100)) -> #REF! | X8: =IF(R8="DOWN",S8-(S8*U8/100),S8+(S8*U8/100)) -> #REF! | Z8: =IF(R8="DOWN",IF(Y8 < S8 * (1 - 0.01), Y8 * (1 + 0.005), ""),IF(Y8 > S8 * (1 + 0.01), Y8 * (1 - 0.005), "")) -> #REF! | AB8: =(($B$1) *(T8))/100 -> #REF! | AG8: =IF(R8="DOWN",(S8-AA8)/S8*1000,(AA8-S8)/S8*1000) -> #REF! | AH8: =AB8*(AG8) -> #REF! | AI8: =IF(AK8<V8,"MANTENER","CERRAR") -> #REF!
A9: 45917 | B9: 0.58884259 | C9: GBPUSD | D9: =IF(COUNTIF(#REF!,"<>NAN")=0, 0, IF(AND(OR(#REF!=#REF!,#REF!="NAN"), OR(#REF!=#REF!,#REF!="NAN"), OR(#REF!=#REF!,#REF!="NAN")),#REF!, 0)) -> #REF! | E9: =IF(#REF!="NAN","",IF( AND(OR(#REF!=#REF!,#REF!="NAN"), OR(#REF!=#REF!,#REF!="NAN"), OR(#REF!=#REF!,#REF!="NAN")), 1, 0)) -> #REF! | G9: =IF(OR(#REF!="UP",#REF!="DOWN"),1,0) -> #REF! | H9: =IF(OR(#REF!="UP",#REF!="DOWN"),1,0) -> #REF! | I9: =IF(OR(#REF!="UP",#REF!="DOWN"),1,0) -> #REF! | M9: =IF(OR(#REF!="UP",#REF!="DOWN"),1,1) -> #REF! | N9: =IF(OR(#REF!="UP",#REF!="DOWN"),VLOOKUP($C9,Configuración!$H$2:$K$11,3),1) -> #REF! | O9: =IF(OR(#REF!="UP",#REF!="DOWN"),VLOOKUP($C9,Configuración!$H$2:$K$11,4),1) -> #REF! | P9: =IF(SUM(G9:I9)=0, 0, IF(SUM(G9:I9)=1, G9*M9 + H9*N9 + I9*O9, IF(SUM(G9:I9)=2, 1 - PRODUCT( IF(G9=1,1-M9,1), IF(H9=1,1-N9,1), IF(I9=1,1-O9,1) ), IF(SUM(G9:I9)=3, 1 - PRODUCT(1-M9,1-N9,1-O9), 0 ) ) ) ) -> #REF! | Q9: =P9*E9 -> #REF! | R9: =IF(AND(OR(D9="UP",D9="DOWN"), Q9>0.95), D9, 0) -> #REF! | T9: =IF(R9<>0,Configuración!$E$2,0) -> #REF! | U9: =IF(R9<>0,Configuración!$F$2,0) -> #REF! | V9: =IF(R9<>0,Configuración!$G$2,0) -> #REF! | W9: =IF(R9="DOWN",S9+(S9*T9/100),S9-(S9*T9/100)) -> #REF! | X9: =IF(R9="DOWN",S9-(S9*U9/100),S9+(S9*U9/100)) -> #REF! | Z9: =IF(R9="DOWN",IF(Y9 < S9 * (1 - 0.01), Y9 * (1 + 0.005), ""),IF(Y9 > S9 * (1 + 0.01), Y9 * (1 - 0.005), "")) -> #REF! | AB9: =(($B$1) *(T9))/100 -> #REF! | AG9: =IF(R9="DOWN",(S9-AA9)/S9*1000,(AA9-S9)/S9*1000) -> #REF! | AH9: =AB9*(AG9) -> #REF! | AI9: =IF(AK9<V9,"MANTENER","CERRAR") -> #REF!
A10: 45917 | B10: 0.57625 | C10: USDCAD | D10: =IF(COUNTIF(#REF!,"<>NAN")=0, 0, IF(AND(OR(#REF!=#REF!,#REF!="NAN"), OR(#REF!=#REF!,#REF!="NAN"), OR(#REF!=#REF!,#REF!="NAN")),#REF!, 0)) -> #REF! | E10: =IF(#REF!="NAN","",IF( AND(OR(#REF!=#REF!,#REF!="NAN"), OR(#REF!=#REF!,#REF!="NAN"), OR(#REF!=#REF!,#REF!="NAN")), 1, 0)) -> #REF! | G10: =IF(OR(#REF!="UP",#REF!="DOWN"),1,0) -> #REF! | H10: =IF(OR(#REF!="UP",#REF!="DOWN"),1,0) -> #REF! | I10: =IF(OR(#REF!="UP",#REF!="DOWN"),1,0) -> #REF! | M10: =IF(OR(#REF!="UP",#REF!="DOWN"),1,1) -> #REF! | N10: =IF(OR(#REF!="UP",#REF!="DOWN"),VLOOKUP($C10,Configuración!$H$2:$K$11,3),1) -> #REF! | O10: =IF(OR(#REF!="UP",#REF!="DOWN"),VLOOKUP($C10,Configuración!$H$2:$K$11,4),1) -> #REF! | P10: =IF(SUM(G10:I10)=0, 0, IF(SUM(G10:I10)=1, G10*M10 + H10*N10 + I10*O10, IF(SUM(G10:I10)=2, 1 - PRODUCT( IF(G10=1,1-M10,1), IF(H10=1,1-N10,1), IF(I10=1,1-O10,1) ), IF(SUM(G10:I10)=3, 1 - PRODUCT(1-M10,1-N10,1-O10), 0 ) ) ) ) -> #REF! | Q10: =P10*E10 -> #REF! | R10: =IF(AND(OR(D10="UP",D10="DOWN"), Q10>0.95), D10, 0) -> #REF! | T10: =IF(R10<>0,Configuración!$E$2,0) -> #REF! | U10: =IF(R10<>0,Configuración!$F$2,0) -> #REF! | V10: =IF(R10<>0,Configuración!$G$2,0) -> #REF! | W10: =IF(R10="DOWN",S10+(S10*T10/100),S10-(S10*T10/100)) -> #REF! | X10: =IF(R10="DOWN",S10-(S10*U10/100),S10+(S10*U10/100)) -> #REF! | Z10: =IF(R10="DOWN",IF(Y10 < S10 * (1 - 0.01), Y10 * (1 + 0.005), ""),IF(Y10 > S10 * (1 + 0.01), Y10 * (1 - 0.005), "")) -> #REF! | AB10: =(($B$1) *(T10))/100 -> #REF! | AG10: =IF(R10="DOWN",(S10-AA10)/S10*1000,(AA10-S10)/S10*1000) -> #REF! | AH10: =AB10*(AG10) -> #REF! | AI10: =IF(AK10<V10,"MANTENER","CERRAR") -> #REF!
A11: 45917 | B11: 0.56365741 | C11: USDCHF | D11: =IF(COUNTIF(#REF!,"<>NAN")=0, 0, IF(AND(OR(#REF!=#REF!,#REF!="NAN"), OR(#REF!=#REF!,#REF!="NAN"), OR(#REF!=#REF!,#REF!="NAN")),#REF!, 0)) -> #REF! | E11: =IF(#REF!="NAN","",IF( AND(OR(#REF!=#REF!,#REF!="NAN"), OR(#REF!=#REF!,#REF!="NAN"), OR(#REF!=#REF!,#REF!="NAN")), 1, 0)) -> #REF! | G11: =IF(OR(#REF!="UP",#REF!="DOWN"),1,0) -> #REF! | H11: =IF(OR(#REF!="UP",#REF!="DOWN"),1,0) -> #REF! | I11: =IF(OR(#REF!="UP",#REF!="DOWN"),1,0) -> #REF! | M11: =IF(OR(#REF!="UP",#REF!="DOWN"),1,1) -> #REF! | N11: =IF(OR(#REF!="UP",#REF!="DOWN"),VLOOKUP($C11,Configuración!$H$2:$K$11,3),1) -> #REF! | O11: =IF(OR(#REF!="UP",#REF!="DOWN"),VLOOKUP($C11,Configuración!$H$2:$K$11,4),1) -> #REF! | P11: =IF(SUM(G11:I11)=0, 0, IF(SUM(G11:I11)=1, G11*M11 + H11*N11 + I11*O11, IF(SUM(G11:I11)=2, 1 - PRODUCT( IF(G11=1,1-M11,1), IF(H11=1,1-N11,1), IF(I11=1,1-O11,1) ), IF(SUM(G11:I11)=3, 1 - PRODUCT(1-M11,1-N11,1-O11), 0 ) ) ) ) -> #REF! | Q11: =P11*E11 -> #REF! | R11: =IF(AND(OR(D11="UP",D11="DOWN"), Q11>0.95), D11, 0) -> #REF! | T11: =IF(R11<>0,Configuración!$E$2,0) -> #REF! | U11: =IF(R11<>0,Configuración!$F$2,0) -> #REF! | V11: =IF(R11<>0,Configuración!$G$2,0) -> #REF! | W11: =IF(R11="DOWN",S11+(S11*T11/100),S11-(S11*T11/100)) -> #REF! | X11: =IF(R11="DOWN",S11-(S11*U11/100),S11+(S11*U11/100)) -> #REF! | Z11: =IF(R11="DOWN",IF(Y11 < S11 * (1 - 0.01), Y11 * (1 + 0.005), ""),IF(Y11 > S11 * (1 + 0.01), Y11 * (1 - 0.005), "")) -> #REF! | AB11: =(($B$1) *(T11))/100 -> #REF! | AC11: =IF(AH11>0,"WIN",IF(AH11<0,"LOSS","BREAKEVEN")) -> #REF! | AG11: =IF(R11="DOWN",(S11-AA11)/S11*1000,(AA11-S11)/S11*1000) -> #REF! | AH11: =AB11*(AG11) -> #REF! | AI11: =IF(AK11<V11,"MANTENER","CERRAR") -> #REF!
A12: 45917 | B12: 0.55106481 | C12: USDJPY | D12: =IF(COUNTIF(#REF!,"<>NAN")=0, 0, IF(AND(OR(#REF!=#REF!,#REF!="NAN"), OR(#REF!=#REF!,#REF!="NAN"), OR(#REF!=#REF!,#REF!="NAN")),#REF!, 0)) -> #REF! | E12: =IF(#REF!="NAN","",IF( AND(OR(#REF!=#REF!,#REF!="NAN"), OR(#REF!=#REF!,#REF!="NAN"), OR(#REF!=#REF!,#REF!="NAN")), 1, 0)) -> #REF! | G12: =IF(OR(#REF!="UP",#REF!="DOWN"),1,0) -> #REF! | H12: =IF(OR(#REF!="UP",#REF!="DOWN"),1,0) -> #REF! | I12: =IF(OR(#REF!="UP",#REF!="DOWN"),1,0) -> #REF! | M12: =IF(OR(#REF!="UP",#REF!="DOWN"),1,1) -> #REF! | N12: =IF(OR(#REF!="UP",#REF!="DOWN"),VLOOKUP($C12,Configuración!$H$2:$K$11,3),1) -> #REF! | O12: =IF(OR(#REF!="UP",#REF!="DOWN"),VLOOKUP($C12,Configuración!$H$2:$K$11,4),1) -> #REF! | P12: =IF(SUM(G12:I12)=0, 0, IF(SUM(G12:I12)=1, G12*M12 + H12*N12 + I12*O12, IF(SUM(G12:I12)=2, 1 - PRODUCT( IF(G12=1,1-M12,1), IF(H12=1,1-N12,1), IF(I12=1,1-O12,1) ), IF(SUM(G12:I12)=3, 1 - PRODUCT(1-M12,1-N12,1-O12), 0 ) ) ) ) -> #REF! | Q12: =P12*E12 -> #REF! | R12: =IF(AND(OR(D12="UP",D12="DOWN"), Q12>0.95), D12, 0) -> #REF! | T12: =IF(R12<>0,Configuración!$E$2,0) -> #REF! | U12: =IF(R12<>0,Configuración!$F$2,0) -> #REF! | V12: =IF(R12<>0,Configuración!$G$2,0) -> #REF! | W12: =IF(R12="DOWN",S12+(S12*T12/100),S12-(S12*T12/100)) -> #REF! | X12: =IF(R12="DOWN",S12-(S12*U12/100),S12+(S12*U12/100)) -> #REF! | Z12: =IF(R12="DOWN",IF(Y12 < S12 * (1 - 0.01), Y12 * (1 + 0.005), ""),IF(Y12 > S12 * (1 + 0.01), Y12 * (1 - 0.005), "")) -> #REF! | AB12: =(($B$1) *(T12))/100 -> #REF! | AG12: =IF(R12="DOWN",(S12-AA12)/S12*1000,(AA12-S12)/S12*1000) -> #REF! | AH12: =AB12*(AG12) -> #REF! | AI12: =IF(AK12<V12,"MANTENER","CERRAR") -> #REF!
A13: 45918 | B13: 0.625 | C13: AUDCAD | D13: =IF(COUNTIF(#REF!,"<>NAN")=0, 0, IF(AND(OR(#REF!=#REF!,#REF!="NAN"), OR(#REF!=#REF!,#REF!="NAN"), OR(#REF!=#REF!,#REF!="NAN")),#REF!, 0)) -> #REF! | E13: =IF(#REF!="NAN","",IF( AND(OR(#REF!=#REF!,#REF!="NAN"), OR(#REF!=#REF!,#REF!="NAN"), OR(#REF!=#REF!,#REF!="NAN")), 1, 0)) -> #REF! | G13: =IF(OR(#REF!="UP",#REF!="DOWN"),1,0) -> #REF! | H13: =IF(OR(#REF!="UP",#REF!="DOWN"),1,0) -> #REF! | I13: =IF(OR(#REF!="UP",#REF!="DOWN"),1,0) -> #REF! | M13: =IF(OR(#REF!="UP",#REF!="DOWN"),1,1) -> #REF! | N13: =IF(OR(#REF!="UP",#REF!="DOWN"),VLOOKUP($C13,Configuración!$H$2:$K$11,3),1) -> #REF! | O13: =IF(OR(#REF!="UP",#REF!="DOWN"),VLOOKUP($C13,Configuración!$H$2:$K$11,4),1) -> #REF! | P13: =IF(SUM(G13:I13)=0, 0, IF(SUM(G13:I13)=1, G13*M13 + H13*N13 + I13*O13, IF(SUM(G13:I13)=2, 1 - PRODUCT( IF(G13=1,1-M13,1), IF(H13=1,1-N13,1), IF(I13=1,1-O13,1) ), IF(SUM(G13:I13)=3, 1 - PRODUCT(1-M13,1-N13,1-O13), 0 ) ) ) ) -> #REF! | Q13: =P13*E13 -> #REF! | R13: =IF(AND(OR(D13="UP",D13="DOWN"), Q13>0.95), D13, 0) -> #REF! | T13: =IF(R13<>0,Configuración!$E$2,0) -> #REF! | U13: =IF(R13<>0,Configuración!$F$2,0) -> #REF! | V13: =IF(R13<>0,Configuración!$G$2,0) -> #REF! | W13: =IF(R13="DOWN",S13+(S13*T13/100),S13-(S13*T13/100)) -> #REF! | X13: =IF(R13="DOWN",S13-(S13*U13/100),S13+(S13*U13/100)) -> #REF! | Z13: =IF(R13="DOWN",IF(Y13 < S13 * (1 - 0.01), Y13 * (1 + 0.005), ""),IF(Y13 > S13 * (1 + 0.01), Y13 * (1 - 0.005), "")) -> #REF! | AB13: =(($B$1) *(T13))/100 -> #REF! | AG13: =IF(R13="DOWN",(S13-AA13)/S13*1000,(AA13-S13)/S13*1000) -> #REF! | AH13: =AB13*(AG13) -> #REF! | AI13: =IF(AK13<V13,"MANTENER","CERRAR") -> #REF!
A14: 45918 | B14: 0.625 | C14: AUDUSD | D14: =IF(COUNTIF(#REF!,"<>NAN")=0, 0, IF(AND(OR(#REF!=#REF!,#REF!="NAN"), OR(#REF!=#REF!,#REF!="NAN"), OR(#REF!=#REF!,#REF!="NAN")),#REF!, 0)) -> #REF! | E14: =IF(#REF!="NAN","",IF( AND(OR(#REF!=#REF!,#REF!="NAN"), OR(#REF!=#REF!,#REF!="NAN"), OR(#REF!=#REF!,#REF!="NAN")), 1, 0)) -> #REF! | G14: =IF(OR(#REF!="UP",#REF!="DOWN"),1,0) -> #REF! | H14: =IF(OR(#REF!="UP",#REF!="DOWN"),1,0) -> #REF! | I14: =IF(OR(#REF!="UP",#REF!="DOWN"),1,0) -> #REF! | M14: =IF(OR(#REF!="UP",#REF!="DOWN"),1,1) -> #REF! | N14: =IF(OR(#REF!="UP",#REF!="DOWN"),VLOOKUP($C14,Configuración!$H$2:$K$11,3),1) -> #REF! | O14: =IF(OR(#REF!="UP",#REF!="DOWN"),VLOOKUP($C14,Configuración!$H$2:$K$11,4),1) -> #REF! | P14: =IF(SUM(G14:I14)=0, 0, IF(SUM(G14:I14)=1, G14*M14 + H14*N14 + I14*O14, IF(SUM(G14:I14)=2, 1 - PRODUCT( IF(G14=1,1-M14,1), IF(H14=1,1-N14,1), IF(I14=1,1-O14,1) ), IF(SUM(G14:I14)=3, 1 - PRODUCT(1-M14,1-N14,1-O14), 0 ) ) ) ) -> #REF! | Q14: =P14*E14 -> #REF! | R14: =IF(AND(OR(D14="UP",D14="DOWN"), Q14>0.95), D14, 0) -> #REF! | T14: =IF(R14<>0,Configuración!$E$2,0) -> #REF! | U14: =IF(R14<>0,Configuración!$F$2,0) -> #REF! | V14: =IF(R14<>0,Configuración!$G$2,0) -> #REF! | W14: =IF(R14="DOWN",S14+(S14*T14/100),S14-(S14*T14/100)) -> #REF! | X14: =IF(R14="DOWN",S14-(S14*U14/100),S14+(S14*U14/100)) -> #REF! | Z14: =IF(R14="DOWN",IF(Y14 < S14 * (1 - 0.01), Y14 * (1 + 0.005), ""),IF(Y14 > S14 * (1 + 0.01), Y14 * (1 - 0.005), "")) -> #REF! | AB14: =(($B$1) *(T14))/100 -> #REF! | AG14: =IF(R14="DOWN",(S14-AA14)/S14*1000,(AA14-S14)/S14*1000) -> #REF! | AH14: =AB14*(AG14) -> #REF! | AI14: =IF(AK14<V14,"MANTENER","CERRAR") -> #REF!
A15: 45918 | B15: 0.625 | C15: CADCHF | D15: =IF(COUNTIF(#REF!,"<>NAN")=0, 0, IF(AND(OR(#REF!=#REF!,#REF!="NAN"), OR(#REF!=#REF!,#REF!="NAN"), OR(#REF!=#REF!,#REF!="NAN")),#REF!, 0)) -> #REF! | E15: =IF(#REF!="NAN","",IF( AND(OR(#REF!=#REF!,#REF!="NAN"), OR(#REF!=#REF!,#REF!="NAN"), OR(#REF!=#REF!,#REF!="NAN")), 1, 0)) -> #REF! | G15: =IF(OR(#REF!="UP",#REF!="DOWN"),1,0) -> #REF! | H15: =IF(OR(#REF!="UP",#REF!="DOWN"),1,0) -> #REF! | I15: =IF(OR(#REF!="UP",#REF!="DOWN"),1,0) -> #REF! | M15: =IF(OR(#REF!="UP",#REF!="DOWN"),1,1) -> #REF! | N15: =IF(OR(#REF!="UP",#REF!="DOWN"),VLOOKUP($C15,Configuración!$H$2:$K$11,3),1) -> #REF! | O15: =IF(OR(#REF!="UP",#REF!="DOWN"),VLOOKUP($C15,Configuración!$H$2:$K$11,4),1) -> #REF! | P15: =IF(SUM(G15:I15)=0, 0, IF(SUM(G15:I15)=1, G15*M15 + H15*N15 + I15*O15, IF(SUM(G15:I15)=2, 1 - PRODUCT( IF(G15=1,1-M15,1), IF(H15=1,1-N15,1), IF(I15=1,1-O15,1) ), IF(SUM(G15:I15)=3, 1 - PRODUCT(1-M15,1-N15,1-O15), 0 ) ) ) ) -> #REF! | Q15: =P15*E15 -> #REF! | R15: =IF(AND(OR(D15="UP",D15="DOWN"), Q15>0.95), D15, 0) -> #REF! | T15: =IF(R15<>0,Configuración!$E$2,0) -> #REF! | U15: =IF(R15<>0,Configuración!$F$2,0) -> #REF! | V15: =IF(R15<>0,Configuración!$G$2,0) -> #REF! | W15: =IF(R15="DOWN",S15+(S15*T15/100),S15-(S15*T15/100)) -> #REF! | X15: =IF(R15="DOWN",S15-(S15*U15/100),S15+(S15*U15/100)) -> #REF! | Z15: =IF(R15="DOWN",IF(Y15 < S15 * (1 - 0.01), Y15 * (1 + 0.005), ""),IF(Y15 > S15 * (1 + 0.01), Y15 * (1 - 0.005), "")) -> #REF! | AB15: =(($B$1) *(T15))/100 -> #REF! | AG15: =IF(R15="DOWN",(S15-AA15)/S15*1000,(AA15-S15)/S15*1000) -> #REF! | AH15: =AB15*(AG15) -> #REF! | AI15: =IF(AK15<V15,"MANTENER","CERRAR") -> #REF!
A16: 45918 | B16: 0.625 | C16: CHFJPY | D16: =IF(COUNTIF(#REF!,"<>NAN")=0, 0, IF(AND(OR(#REF!=#REF!,#REF!="NAN"), OR(#REF!=#REF!,#REF!="NAN"), OR(#REF!=#REF!,#REF!="NAN")),#REF!, 0)) -> #REF! | E16: =IF(#REF!="NAN","",IF( AND(OR(#REF!=#REF!,#REF!="NAN"), OR(#REF!=#REF!,#REF!="NAN"), OR(#REF!=#REF!,#REF!="NAN")), 1, 0)) -> #REF! | G16: =IF(OR(#REF!="UP",#REF!="DOWN"),1,0) -> #REF! | H16: =IF(OR(#REF!="UP",#REF!="DOWN"),1,0) -> #REF! | I16: =IF(OR(#REF!="UP",#REF!="DOWN"),1,0) -> #REF! | M16: =IF(OR(#REF!="UP",#REF!="DOWN"),1,1) -> #REF! | N16: =IF(OR(#REF!="UP",#REF!="DOWN"),VLOOKUP($C16,Configuración!$H$2:$K$11,3),1) -> #REF! | O16: =IF(OR(#REF!="UP",#REF!="DOWN"),VLOOKUP($C16,Configuración!$H$2:$K$11,4),1) -> #REF! | P16: =IF(SUM(G16:I16)=0, 0, IF(SUM(G16:I16)=1, G16*M16 + H16*N16 + I16*O16, IF(SUM(G16:I16)=2, 1 - PRODUCT( IF(G16=1,1-M16,1), IF(H16=1,1-N16,1), IF(I16=1,1-O16,1) ), IF(SUM(G16:I16)=3, 1 - PRODUCT(1-M16,1-N16,1-O16), 0 ) ) ) ) -> #REF! | Q16: =P16*E16 -> #REF! | R16: =IF(AND(OR(D16="UP",D16="DOWN"), Q16>0.95), D16, 0) -> #REF! | T16: =IF(R16<>0,Configuración!$E$2,0) -> #REF! | U16: =IF(R16<>0,Configuración!$F$2,0) -> #REF! | V16: =IF(R16<>0,Configuración!$G$2,0) -> #REF! | W16: =IF(R16="DOWN",S16+(S16*T16/100),S16-(S16*T16/100)) -> #REF! | X16: =IF(R16="DOWN",S16-(S16*U16/100),S16+(S16*U16/100)) -> #REF! | Z16: =IF(R16="DOWN",IF(Y16 < S16 * (1 - 0.01), Y16 * (1 + 0.005), ""),IF(Y16 > S16 * (1 + 0.01), Y16 * (1 - 0.005), "")) -> #REF! | AB16: =(($B$1) *(T16))/100 -> #REF! | AG16: =IF(R16="DOWN",(S16-AA16)/S16*1000,(AA16-S16)/S16*1000) -> #REF! | AH16: =AB16*(AG16) -> #REF! | AI16: =IF(AK16<V16,"MANTENER","CERRAR") -> #REF!
A17: 45918 | B17: 0.625 | C17: EURAUD | D17: =IF(COUNTIF(#REF!,"<>NAN")=0, 0, IF(AND(OR(#REF!=#REF!,#REF!="NAN"), OR(#REF!=#REF!,#REF!="NAN"), OR(#REF!=#REF!,#REF!="NAN")),#REF!, 0)) -> #REF! | E17: =IF(#REF!="NAN","",IF( AND(OR(#REF!=#REF!,#REF!="NAN"), OR(#REF!=#REF!,#REF!="NAN"), OR(#REF!=#REF!,#REF!="NAN")), 1, 0)) -> #REF! | G17: =IF(OR(#REF!="UP",#REF!="DOWN"),1,0) -> #REF! | H17: =IF(OR(#REF!="UP",#REF!="DOWN"),1,0) -> #REF! | I17: =IF(OR(#REF!="UP",#REF!="DOWN"),1,0) -> #REF! | M17: =IF(OR(#REF!="UP",#REF!="DOWN"),1,1) -> #REF! | N17: =IF(OR(#REF!="UP",#REF!="DOWN"),VLOOKUP($C17,Configuración!$H$2:$K$11,3),1) -> #REF! | O17: =IF(OR(#REF!="UP",#REF!="DOWN"),VLOOKUP($C17,Configuración!$H$2:$K$11,4),1) -> #REF! | P17: =IF(SUM(G17:I17)=0, 0, IF(SUM(G17:I17)=1, G17*M17 + H17*N17 + I17*O17, IF(SUM(G17:I17)=2, 1 - PRODUCT( IF(G17=1,1-M17,1), IF(H17=1,1-N17,1), IF(I17=1,1-O17,1) ), IF(SUM(G17:I17)=3, 1 - PRODUCT(1-M17,1-N17,1-O17), 0 ) ) ) ) -> #REF! | Q17: =P17*E17 -> #REF! | R17: =IF(AND(OR(D17="UP",D17="DOWN"), Q17>0.95), D17, 0) -> #REF! | T17: =IF(R17<>0,Configuración!$E$2,0) -> #REF! | U17: =IF(R17<>0,Configuración!$F$2,0) -> #REF! | V17: =IF(R17<>0,Configuración!$G$2,0) -> #REF! | W17: =IF(R17="DOWN",S17+(S17*T17/100),S17-(S17*T17/100)) -> #REF! | X17: =IF(R17="DOWN",S17-(S17*U17/100),S17+(S17*U17/100)) -> #REF! | Z17: =IF(R17="DOWN",IF(Y17 < S17 * (1 - 0.01), Y17 * (1 + 0.005), ""),IF(Y17 > S17 * (1 + 0.01), Y17 * (1 - 0.005), "")) -> #REF! | AB17: =(($B$1) *(T17))/100 -> #REF! | AG17: =IF(R17="DOWN",(S17-AA17)/S17*1000,(AA17-S17)/S17*1000) -> #REF! | AH17: =AB17*(AG17) -> #REF! | AI17: =IF(AK17<V17,"MANTENER","CERRAR") -> #REF!
A18: 45918 | B18: 0.625 | C18: AUDUSD | D18: =IF(COUNTIF(#REF!,"<>NAN")=0, 0, IF(AND(OR(#REF!=#REF!,#REF!="NAN"), OR(#REF!=#REF!,#REF!="NAN"), OR(#REF!=#REF!,#REF!="NAN")),#REF!, 0)) -> #REF! | E18: =IF(#REF!="NAN","",IF( AND(OR(#REF!=#REF!,#REF!="NAN"), OR(#REF!=#REF!,#REF!="NAN"), OR(#REF!=#REF!,#REF!="NAN")), 1, 0)) -> #REF! | G18: =IF(OR(#REF!="UP",#REF!="DOWN"),1,0) -> #REF! | H18: =IF(OR(#REF!="UP",#REF!="DOWN"),1,0) -> #REF! | I18: =IF(OR(#REF!="UP",#REF!="DOWN"),1,0) -> #REF! | M18: =IF(OR(#REF!="UP",#REF!="DOWN"),1,1) -> #REF! | N18: =IF(OR(#REF!="UP",#REF!="DOWN"),VLOOKUP($C18,Configuración!$H$2:$K$11,3),1) -> #REF! | O18: =IF(OR(#REF!="UP",#REF!="DOWN"),VLOOKUP($C18,Configuración!$H$2:$K$11,4),1) -> #REF! | P18: =IF(SUM(G18:I18)=0, 0, IF(SUM(G18:I18)=1, G18*M18 + H18*N18 + I18*O18, IF(SUM(G18:I18)=2, 1 - PRODUCT( IF(G18=1,1-M18,1), IF(H18=1,1-N18,1), IF(I18=1,1-O18,1) ), IF(SUM(G18:I18)=3, 1 - PRODUCT(1-M18,1-N18,1-O18), 0 ) ) ) ) -> #REF! | Q18: =P18*E18 -> #REF! | R18: =IF(AND(OR(D18="UP",D18="DOWN"), Q18>0.95), D18, 0) -> #REF! | T18: =IF(R18<>0,Configuración!$E$2,0) -> #REF! | U18: =IF(R18<>0,Configuración!$F$2,0) -> #REF! | V18: =IF(R18<>0,Configuración!$G$2,0) -> #REF! | W18: =IF(R18="DOWN",S18+(S18*T18/100),S18-(S18*T18/100)) -> #REF! | X18: =IF(R18="DOWN",S18-(S18*U18/100),S18+(S18*U18/100)) -> #REF! | Z18: =IF(R18="DOWN",IF(Y18 < S18 * (1 - 0.01), Y18 * (1 + 0.005), ""),IF(Y18 > S18 * (1 + 0.01), Y18 * (1 - 0.005), "")) -> #REF! | AB18: =(($B$1) *(T18))/100 -> #REF! | AG18: =IF(R18="DOWN",(S18-AA18)/S18*1000,(AA18-S18)/S18*1000) -> #REF! | AH18: =AB18*(AG18) -> #REF! | AI18: =IF(AK18<V18,"MANTENER","CERRAR") -> #REF!
A19: 45918 | B19: 0.625 | C19: GBPUSD | D19: =IF(COUNTIF(#REF!,"<>NAN")=0, 0, IF(AND(OR(#REF!=#REF!,#REF!="NAN"), OR(#REF!=#REF!,#REF!="NAN"), OR(#REF!=#REF!,#REF!="NAN")),#REF!, 0)) -> #REF! | E19: =IF(#REF!="NAN","",IF( AND(OR(#REF!=#REF!,#REF!="NAN"), OR(#REF!=#REF!,#REF!="NAN"), OR(#REF!=#REF!,#REF!="NAN")), 1, 0)) -> #REF! | G19: =IF(OR(#REF!="UP",#REF!="DOWN"),1,0) -> #REF! | H19: =IF(OR(#REF!="UP",#REF!="DOWN"),1,0) -> #REF! | I19: =IF(OR(#REF!="UP",#REF!="DOWN"),1,0) -> #REF! | M19: =IF(OR(#REF!="UP",#REF!="DOWN"),1,1) -> #REF! | N19: =IF(OR(#REF!="UP",#REF!="DOWN"),VLOOKUP($C19,Configuración!$H$2:$K$11,3),1) -> #REF! | O19: =IF(OR(#REF!="UP",#REF!="DOWN"),VLOOKUP($C19,Configuración!$H$2:$K$11,4),1) -> #REF! | P19: =IF(SUM(G19:I19)=0, 0, IF(SUM(G19:I19)=1, G19*M19 + H19*N19 + I19*O19, IF(SUM(G19:I19)=2, 1 - PRODUCT( IF(G19=1,1-M19,1), IF(H19=1,1-N19,1), IF(I19=1,1-O19,1) ), IF(SUM(G19:I19)=3, 1 - PRODUCT(1-M19,1-N19,1-O19), 0 ) ) ) ) -> #REF! | Q19: =P19*E19 -> #REF! | R19: =IF(AND(OR(D19="UP",D19="DOWN"), Q19>0.95), D19, 0) -> #REF! | T19: =IF(R19<>0,Configuración!$E$2,0) -> #REF! | U19: =IF(R19<>0,Configuración!$F$2,0) -> #REF! | V19: =IF(R19<>0,Configuración!$G$2,0) -> #REF! | W19: =IF(R19="DOWN",S19+(S19*T19/100),S19-(S19*T19/100)) -> #REF! | X19: =IF(R19="DOWN",S19-(S19*U19/100),S19+(S19*U19/100)) -> #REF! | Z19: =IF(R19="DOWN",IF(Y19 < S19 * (1 - 0.01), Y19 * (1 + 0.005), ""),IF(Y19 > S19 * (1 + 0.01), Y19 * (1 - 0.005), "")) -> #REF! | AB19: =(($B$1) *(T19))/100 -> #REF! | AG19: =IF(R19="DOWN",(S19-AA19)/S19*1000,(AA19-S19)/S19*1000) -> #REF! | AH19: =AB19*(AG19) -> #REF! | AI19: =IF(AK19<V19,"MANTENER","CERRAR") -> #REF!
A20: 45918 | B20: 0.625 | C20: USDCAD | D20: =IF(COUNTIF(#REF!,"<>NAN")=0, 0, IF(AND(OR(#REF!=#REF!,#REF!="NAN"), OR(#REF!=#REF!,#REF!="NAN"), OR(#REF!=#REF!,#REF!="NAN")),#REF!, 0)) -> #REF! | E20: =IF(#REF!="NAN","",IF( AND(OR(#REF!=#REF!,#REF!="NAN"), OR(#REF!=#REF!,#REF!="NAN"), OR(#REF!=#REF!,#REF!="NAN")), 1, 0)) -> #REF! | G20: =IF(OR(#REF!="UP",#REF!="DOWN"),1,0) -> #REF! | H20: =IF(OR(#REF!="UP",#REF!="DOWN"),1,0) -> #REF! | I20: =IF(OR(#REF!="UP",#REF!="DOWN"),1,0) -> #REF! | M20: =IF(OR(#REF!="UP",#REF!="DOWN"),1,1) -> #REF! | N20: =IF(OR(#REF!="UP",#REF!="DOWN"),VLOOKUP($C20,Configuración!$H$2:$K$11,3),1) -> #REF! | O20: =IF(OR(#REF!="UP",#REF!="DOWN"),VLOOKUP($C20,Configuración!$H$2:$K$11,4),1) -> #REF! | P20: =IF(SUM(G20:I20)=0, 0, IF(SUM(G20:I20)=1, G20*M20 + H20*N20 + I20*O20, IF(SUM(G20:I20)=2, 1 - PRODUCT( IF(G20=1,1-M20,1), IF(H20=1,1-N20,1), IF(I20=1,1-O20,1) ), IF(SUM(G20:I20)=3, 1 - PRODUCT(1-M20,1-N20,1-O20), 0 ) ) ) ) -> #REF! | Q20: =P20*E20 -> #REF! | R20: =IF(AND(OR(D20="UP",D20="DOWN"), Q20>0.95), D20, 0) -> #REF! | T20: =IF(R20<>0,Configuración!$E$2,0) -> #REF! | U20: =IF(R20<>0,Configuración!$F$2,0) -> #REF! | V20: =IF(R20<>0,Configuración!$G$2,0) -> #REF! | W20: =IF(R20="DOWN",S20+(S20*T20/100),S20-(S20*T20/100)) -> #REF! | X20: =IF(R20="DOWN",S20-(S20*U20/100),S20+(S20*U20/100)) -> #REF! | Z20: =IF(R20="DOWN",IF(Y20 < S20 * (1 - 0.01), Y20 * (1 + 0.005), ""),IF(Y20 > S20 * (1 + 0.01), Y20 * (1 - 0.005), "")) -> #REF! | AB20: =(($B$1) *(T20))/100 -> #REF! | AG20: =IF(R20="DOWN",(S20-AA20)/S20*1000,(AA20-S20)/S20*1000) -> #REF! | AH20: =AB20*(AG20) -> #REF! | AI20: =IF(AK20<V20,"MANTENER","CERRAR") -> #REF!
A21: 45918 | B21: 0.625 | C21: USDCHF | D21: =IF(COUNTIF(#REF!,"<>NAN")=0, 0, IF(AND(OR(#REF!=#REF!,#REF!="NAN"), OR(#REF!=#REF!,#REF!="NAN"), OR(#REF!=#REF!,#REF!="NAN")),#REF!, 0)) -> #REF! | E21: =IF(#REF!="NAN","",IF( AND(OR(#REF!=#REF!,#REF!="NAN"), OR(#REF!=#REF!,#REF!="NAN"), OR(#REF!=#REF!,#REF!="NAN")), 1, 0)) -> #REF! | G21: =IF(OR(#REF!="UP",#REF!="DOWN"),1,0) -> #REF! | H21: =IF(OR(#REF!="UP",#REF!="DOWN"),1,0) -> #REF! | I21: =IF(OR(#REF!="UP",#REF!="DOWN"),1,0) -> #REF! | M21: =IF(OR(#REF!="UP",#REF!="DOWN"),1,1) -> #REF! | N21: =IF(OR(#REF!="UP",#REF!="DOWN"),VLOOKUP($C21,Configuración!$H$2:$K$11,3),1) -> #REF! | O21: =IF(OR(#REF!="UP",#REF!="DOWN"),VLOOKUP($C21,Configuración!$H$2:$K$11,4),1) -> #REF! | P21: =IF(SUM(G21:I21)=0, 0, IF(SUM(G21:I21)=1, G21*M21 + H21*N21 + I21*O21, IF(SUM(G21:I21)=2, 1 - PRODUCT( IF(G21=1,1-M21,1), IF(H21=1,1-N21,1), IF(I21=1,1-O21,1) ), IF(SUM(G21:I21)=3, 1 - PRODUCT(1-M21,1-N21,1-O21), 0 ) ) ) ) -> #REF! | Q21: =P21*E21 -> #REF! | R21: =IF(AND(OR(D21="UP",D21="DOWN"), Q21>0.95), D21, 0) -> #REF! | S21: 0.78961 | T21: =IF(R21<>0,Configuración!$E$2,0) -> #REF! | U21: =IF(R21<>0,Configuración!$F$2,0) -> #REF! | V21: =IF(R21<>0,Configuración!$G$2,0) -> #REF! | W21: =IF(R21="DOWN",S21+(S21*T21/100),S21-(S21*T21/100)) -> #REF! | X21: =IF(R21="DOWN",S21-(S21*U21/100),S21+(S21*U21/100)) -> #REF! | Z21: =IF(R21="DOWN",IF(Y21 < S21 * (1 - 0.01), Y21 * (1 + 0.005), ""),IF(Y21 > S21 * (1 + 0.01), Y21 * (1 - 0.005), "")) -> #REF! | AB21: =(($B$1) *(T21))/100 -> #REF! | AG21: =IF(R21="DOWN",(S21-AA21)/S21*1000,(AA21-S21)/S21*1000) -> #REF! | AH21: =AB21*(AG21) -> #REF! | AI21: =IF(AK21<V21,"MANTENER","CERRAR") -> #REF!
A22: 45918 | B22: 0.625 | C22: USDJPY | D22: =IF(COUNTIF(#REF!,"<>NAN")=0, 0, IF(AND(OR(#REF!=#REF!,#REF!="NAN"), OR(#REF!=#REF!,#REF!="NAN"), OR(#REF!=#REF!,#REF!="NAN")),#REF!, 0)) -> #REF! | E22: =IF(#REF!="NAN","",IF( AND(OR(#REF!=#REF!,#REF!="NAN"), OR(#REF!=#REF!,#REF!="NAN"), OR(#REF!=#REF!,#REF!="NAN")), 1, 0)) -> #REF! | G22: =IF(OR(#REF!="UP",#REF!="DOWN"),1,0) -> #REF! | H22: =IF(OR(#REF!="UP",#REF!="DOWN"),1,0) -> #REF! | I22: =IF(OR(#REF!="UP",#REF!="DOWN"),1,0) -> #REF! | M22: =IF(OR(#REF!="UP",#REF!="DOWN"),1,1) -> #REF! | N22: =IF(OR(#REF!="UP",#REF!="DOWN"),VLOOKUP($C22,Configuración!$H$2:$K$11,3),1) -> #REF! | O22: =IF(OR(#REF!="UP",#REF!="DOWN"),VLOOKUP($C22,Configuración!$H$2:$K$11,4),1) -> #REF! | P22: =IF(SUM(G22:I22)=0, 0, IF(SUM(G22:I22)=1, G22*M22 + H22*N22 + I22*O22, IF(SUM(G22:I22)=2, 1 - PRODUCT( IF(G22=1,1-M22,1), IF(H22=1,1-N22,1), IF(I22=1,1-O22,1) ), IF(SUM(G22:I22)=3, 1 - PRODUCT(1-M22,1-N22,1-O22), 0 ) ) ) ) -> #REF! | Q22: =P22*E22 -> #REF! | R22: =IF(AND(OR(D22="UP",D22="DOWN"), Q22>0.95), D22, 0) -> #REF! | T22: =IF(R22<>0,Configuración!$E$2,0) -> #REF! | U22: =IF(R22<>0,Configuración!$F$2,0) -> #REF! | V22: =IF(R22<>0,Configuración!$G$2,0) -> #REF! | W22: =IF(R22="DOWN",S22+(S22*T22/100),S22-(S22*T22/100)) -> #REF! | X22: =IF(R22="DOWN",S22-(S22*U22/100),S22+(S22*U22/100)) -> #REF! | Z22: =IF(R22="DOWN",IF(Y22 < S22 * (1 - 0.01), Y22 * (1 + 0.005), ""),IF(Y22 > S22 * (1 + 0.01), Y22 * (1 - 0.005), "")) -> #REF! | AB22: =(($B$1) *(T22))/100 -> #REF! | AG22: =IF(R22="DOWN",(S22-AA22)/S22*1000,(AA22-S22)/S22*1000) -> #REF! | AH22: =AB22*(AG22) -> #REF! | AI22: =IF(AK22<V22,"MANTENER","CERRAR") -> #REF!
A23: 45919 | B23: 0.625 | C23: AUDCAD | D23: =IF(COUNTIF(#REF!,"<>NAN")=0, 0, IF(AND(OR(#REF!=#REF!,#REF!="NAN"), OR(#REF!=#REF!,#REF!="NAN"), OR(#REF!=#REF!,#REF!="NAN")),#REF!, 0)) -> #REF! | E23: =IF(#REF!="NAN","",IF( AND(OR(#REF!=#REF!,#REF!="NAN"), OR(#REF!=#REF!,#REF!="NAN"), OR(#REF!=#REF!,#REF!="NAN")), 1, 0)) -> #REF! | G23: =IF(OR(#REF!="UP",#REF!="DOWN"),1,0) -> #REF! | H23: =IF(OR(#REF!="UP",#REF!="DOWN"),1,0) -> #REF! | I23: =IF(OR(#REF!="UP",#REF!="DOWN"),1,0) -> #REF! | M23: =IF(OR(#REF!="UP",#REF!="DOWN"),1,1) -> #REF! | N23: =IF(OR(#REF!="UP",#REF!="DOWN"),VLOOKUP($C23,Configuración!$H$2:$K$11,3),1) -> #REF! | O23: =IF(OR(#REF!="UP",#REF!="DOWN"),VLOOKUP($C23,Configuración!$H$2:$K$11,4),1) -> #REF! | P23: =IF(SUM(G23:I23)=0, 0, IF(SUM(G23:I23)=1, G23*M23 + H23*N23 + I23*O23, IF(SUM(G23:I23)=2, 1 - PRODUCT( IF(G23=1,1-M23,1), IF(H23=1,1-N23,1), IF(I23=1,1-O23,1) ), IF(SUM(G23:I23)=3, 1 - PRODUCT(1-M23,1-N23,1-O23), 0 ) ) ) ) -> #REF! | Q23: =P23*E23 -> #REF! | R23: =IF(AND(OR(D23="UP",D23="DOWN"), Q23>0.95), D23, 0) -> #REF! | T23: =IF(R23<>0,Configuración!$E$2,0) -> #REF! | U23: =IF(R23<>0,Configuración!$F$2,0) -> #REF! | V23: =IF(R23<>0,Configuración!$G$2,0) -> #REF! | W23: =IF(R23="DOWN",S23+(S23*T23/100),S23-(S23*T23/100)) -> #REF! | X23: =IF(R23="DOWN",S23-(S23*U23/100),S23+(S23*U23/100)) -> #REF! | Z23: =IF(R23="DOWN",IF(Y23 < S23 * (1 - 0.01), Y23 * (1 + 0.005), ""),IF(Y23 > S23 * (1 + 0.01), Y23 * (1 - 0.005), "")) -> #REF! | AB23: =(($B$1) *(T23))/100 -> #REF! | AG23: =IF(R23="DOWN",(S23-AA23)/S23*1000,(AA23-S23)/S23*1000) -> #REF! | AH23: =AB23*(AG23) -> #REF! | AI23: =IF(AK23<V23,"MANTENER","CERRAR") -> #REF!
A24: 45919 | B24: 0.625 | C24: AUDUSD | D24: =IF(COUNTIF(#REF!,"<>NAN")=0, 0, IF(AND(OR(#REF!=#REF!,#REF!="NAN"), OR(#REF!=#REF!,#REF!="NAN"), OR(#REF!=#REF!,#REF!="NAN")),#REF!, 0)) -> #REF! | E24: =IF(#REF!="NAN","",IF( AND(OR(#REF!=#REF!,#REF!="NAN"), OR(#REF!=#REF!,#REF!="NAN"), OR(#REF!=#REF!,#REF!="NAN")), 1, 0)) -> #REF! | G24: =IF(OR(#REF!="UP",#REF!="DOWN"),1,0) -> #REF! | H24: =IF(OR(#REF!="UP",#REF!="DOWN"),1,0) -> #REF! | I24: =IF(OR(#REF!="UP",#REF!="DOWN"),1,0) -> #REF! | M24: =IF(OR(#REF!="UP",#REF!="DOWN"),1,1) -> #REF! | N24: =IF(OR(#REF!="UP",#REF!="DOWN"),VLOOKUP($C24,Configuración!$H$2:$K$11,3),1) -> #REF! | O24: =IF(OR(#REF!="UP",#REF!="DOWN"),VLOOKUP($C24,Configuración!$H$2:$K$11,4),1) -> #REF! | P24: =IF(SUM(G24:I24)=0, 0, IF(SUM(G24:I24)=1, G24*M24 + H24*N24 + I24*O24, IF(SUM(G24:I24)=2, 1 - PRODUCT( IF(G24=1,1-M24,1), IF(H24=1,1-N24,1), IF(I24=1,1-O24,1) ), IF(SUM(G24:I24)=3, 1 - PRODUCT(1-M24,1-N24,1-O24), 0 ) ) ) ) -> #REF! | Q24: =P24*E24 -> #REF! | R24: =IF(AND(OR(D24="UP",D24="DOWN"), Q24>0.95), D24, 0) -> #REF! | T24: =IF(R24<>0,Configuración!$E$2,0) -> #REF! | U24: =IF(R24<>0,Configuración!$F$2,0) -> #REF! | V24: =IF(R24<>0,Configuración!$G$2,0) -> #REF! | W24: =IF(R24="DOWN",S24+(S24*T24/100),S24-(S24*T24/100)) -> #REF! | X24: =IF(R24="DOWN",S24-(S24*U24/100),S24+(S24*U24/100)) -> #REF! | Z24: =IF(R24="DOWN",IF(Y24 < S24 * (1 - 0.01), Y24 * (1 + 0.005), ""),IF(Y24 > S24 * (1 + 0.01), Y24 * (1 - 0.005), "")) -> #REF! | AB24: =(($B$1) *(T24))/100 -> #REF! | AG24: =IF(R24="DOWN",(S24-AA24)/S24*1000,(AA24-S24)/S24*1000) -> #REF! | AH24: =AB24*(AG24) -> #REF! | AI24: =IF(AK24<V24,"MANTENER","CERRAR") -> #REF!
A25: 45919 | B25: 0.625 | C25: CADCHF | D25: =IF(COUNTIF(#REF!,"<>NAN")=0, 0, IF(AND(OR(#REF!=#REF!,#REF!="NAN"), OR(#REF!=#REF!,#REF!="NAN"), OR(#REF!=#REF!,#REF!="NAN")),#REF!, 0)) -> #REF! | E25: =IF(#REF!="NAN","",IF( AND(OR(#REF!=#REF!,#REF!="NAN"), OR(#REF!=#REF!,#REF!="NAN"), OR(#REF!=#REF!,#REF!="NAN")), 1, 0)) -> #REF! | G25: =IF(OR(#REF!="UP",#REF!="DOWN"),1,0) -> #REF! | H25: =IF(OR(#REF!="UP",#REF!="DOWN"),1,0) -> #REF! | I25: =IF(OR(#REF!="UP",#REF!="DOWN"),1,0) -> #REF! | M25: =IF(OR(#REF!="UP",#REF!="DOWN"),1,1) -> #REF! | N25: =IF(OR(#REF!="UP",#REF!="DOWN"),VLOOKUP($C25,Configuración!$H$2:$K$11,3),1) -> #REF! | O25: =IF(OR(#REF!="UP",#REF!="DOWN"),VLOOKUP($C25,Configuración!$H$2:$K$11,4),1) -> #REF! | P25: =IF(SUM(G25:I25)=0, 0, IF(SUM(G25:I25)=1, G25*M25 + H25*N25 + I25*O25, IF(SUM(G25:I25)=2, 1 - PRODUCT( IF(G25=1,1-M25,1), IF(H25=1,1-N25,1), IF(I25=1,1-O25,1) ), IF(SUM(G25:I25)=3, 1 - PRODUCT(1-M25,1-N25,1-O25), 0 ) ) ) ) -> #REF! | Q25: =P25*E25 -> #REF! | R25: =IF(AND(OR(D25="UP",D25="DOWN"), Q25>0.95), D25, 0) -> #REF! | T25: =IF(R25<>0,Configuración!$E$2,0) -> #REF! | U25: =IF(R25<>0,Configuración!$F$2,0) -> #REF! | V25: =IF(R25<>0,Configuración!$G$2,0) -> #REF! | W25: =IF(R25="DOWN",S25+(S25*T25/100),S25-(S25*T25/100)) -> #REF! | X25: =IF(R25="DOWN",S25-(S25*U25/100),S25+(S25*U25/100)) -> #REF! | Z25: =IF(R25="DOWN",IF(Y25 < S25 * (1 - 0.01), Y25 * (1 + 0.005), ""),IF(Y25 > S25 * (1 + 0.01), Y25 * (1 - 0.005), "")) -> #REF! | AB25: =(($B$1) *(T25))/100 -> #REF! | AG25: =IF(R25="DOWN",(S25-AA25)/S25*1000,(AA25-S25)/S25*1000) -> #REF! | AH25: =AB25*(AG25) -> #REF! | AI25: =IF(AK25<V25,"MANTENER","CERRAR") -> #REF!
A26: 45919 | B26: 0.625 | C26: CHFJPY | D26: =IF(COUNTIF(#REF!,"<>NAN")=0, 0, IF(AND(OR(#REF!=#REF!,#REF!="NAN"), OR(#REF!=#REF!,#REF!="NAN"), OR(#REF!=#REF!,#REF!="NAN")),#REF!, 0)) -> #REF! | E26: =IF(#REF!="NAN","",IF( AND(OR(#REF!=#REF!,#REF!="NAN"), OR(#REF!=#REF!,#REF!="NAN"), OR(#REF!=#REF!,#REF!="NAN")), 1, 0)) -> #REF! | G26: =IF(OR(#REF!="UP",#REF!="DOWN"),1,0) -> #REF! | H26: =IF(OR(#REF!="UP",#REF!="DOWN"),1,0) -> #REF! | I26: =IF(OR(#REF!="UP",#REF!="DOWN"),1,0) -> #REF! | M26: =IF(OR(#REF!="UP",#REF!="DOWN"),1,1) -> #REF! | N26: =IF(OR(#REF!="UP",#REF!="DOWN"),VLOOKUP($C26,Configuración!$H$2:$K$11,3),1) -> #REF! | O26: =IF(OR(#REF!="UP",#REF!="DOWN"),VLOOKUP($C26,Configuración!$H$2:$K$11,4),1) -> #REF! | P26: =IF(SUM(G26:I26)=0, 0, IF(SUM(G26:I26)=1, G26*M26 + H26*N26 + I26*O26, IF(SUM(G26:I26)=2, 1 - PRODUCT( IF(G26=1,1-M26,1), IF(H26=1,1-N26,1), IF(I26=1,1-O26,1) ), IF(SUM(G26:I26)=3, 1 - PRODUCT(1-M26,1-N26,1-O26), 0 ) ) ) ) -> #REF! | Q26: =P26*E26 -> #REF! | R26: =IF(AND(OR(D26="UP",D26="DOWN"), Q26>0.95), D26, 0) -> #REF! | T26: =IF(R26<>0,Configuración!$E$2,0) -> #REF! | U26: =IF(R26<>0,Configuración!$F$2,0) -> #REF! | V26: =IF(R26<>0,Configuración!$G$2,0) -> #REF! | W26: =IF(R26="DOWN",S26+(S26*T26/100),S26-(S26*T26/100)) -> #REF! | X26: =IF(R26="DOWN",S26-(S26*U26/100),S26+(S26*U26/100)) -> #REF! | Z26: =IF(R26="DOWN",IF(Y26 < S26 * (1 - 0.01), Y26 * (1 + 0.005), ""),IF(Y26 > S26 * (1 + 0.01), Y26 * (1 - 0.005), "")) -> #REF! | AB26: =(($B$1) *(T26))/100 -> #REF! | AG26: =IF(R26="DOWN",(S26-AA26)/S26*1000,(AA26-S26)/S26*1000) -> #REF! | AH26: =AB26*(AG26) -> #REF! | AI26: =IF(AK26<V26,"MANTENER","CERRAR") -> #REF!
A27: 45919 | B27: 0.625 | C27: EURAUD | D27: =IF(COUNTIF(#REF!,"<>NAN")=0, 0, IF(AND(OR(#REF!=#REF!,#REF!="NAN"), OR(#REF!=#REF!,#REF!="NAN"), OR(#REF!=#REF!,#REF!="NAN")),#REF!, 0)) -> #REF! | E27: =IF(#REF!="NAN","",IF( AND(OR(#REF!=#REF!,#REF!="NAN"), OR(#REF!=#REF!,#REF!="NAN"), OR(#REF!=#REF!,#REF!="NAN")), 1, 0)) -> #REF! | G27: =IF(OR(#REF!="UP",#REF!="DOWN"),1,0) -> #REF! | H27: =IF(OR(#REF!="UP",#REF!="DOWN"),1,0) -> #REF! | I27: =IF(OR(#REF!="UP",#REF!="DOWN"),1,0) -> #REF! | M27: =IF(OR(#REF!="UP",#REF!="DOWN"),1,1) -> #REF! | N27: =IF(OR(#REF!="UP",#REF!="DOWN"),VLOOKUP($C27,Configuración!$H$2:$K$11,3),1) -> #REF! | O27: =IF(OR(#REF!="UP",#REF!="DOWN"),VLOOKUP($C27,Configuración!$H$2:$K$11,4),1) -> #REF! | P27: =IF(SUM(G27:I27)=0, 0, IF(SUM(G27:I27)=1, G27*M27 + H27*N27 + I27*O27, IF(SUM(G27:I27)=2, 1 - PRODUCT( IF(G27=1,1-M27,1), IF(H27=1,1-N27,1), IF(I27=1,1-O27,1) ), IF(SUM(G27:I27)=3, 1 - PRODUCT(1-M27,1-N27,1-O27), 0 ) ) ) ) -> #REF! | Q27: =P27*E27 -> #REF! | R27: =IF(AND(OR(D27="UP",D27="DOWN"), Q27>0.95), D27, 0) -> #REF! | T27: =IF(R27<>0,Configuración!$E$2,0) -> #REF! | U27: =IF(R27<>0,Configuración!$F$2,0) -> #REF! | V27: =IF(R27<>0,Configuración!$G$2,0) -> #REF! | W27: =IF(R27="DOWN",S27+(S27*T27/100),S27-(S27*T27/100)) -> #REF! | X27: =IF(R27="DOWN",S27-(S27*U27/100),S27+(S27*U27/100)) -> #REF! | Z27: =IF(R27="DOWN",IF(Y27 < S27 * (1 - 0.01), Y27 * (1 + 0.005), ""),IF(Y27 > S27 * (1 + 0.01), Y27 * (1 - 0.005), "")) -> #REF! | AB27: =(($B$1) *(T27))/100 -> #REF! | AG27: =IF(R27="DOWN",(S27-AA27)/S27*1000,(AA27-S27)/S27*1000) -> #REF! | AH27: =AB27*(AG27) -> #REF! | AI27: =IF(AK27<V27,"MANTENER","CERRAR") -> #REF!
A28: 45919 | B28: 0.625 | C28: EURUSD | D28: =IF(COUNTIF(#REF!,"<>NAN")=0, 0, IF(AND(OR(#REF!=#REF!,#REF!="NAN"), OR(#REF!=#REF!,#REF!="NAN"), OR(#REF!=#REF!,#REF!="NAN")),#REF!, 0)) -> #REF! | E28: =IF(#REF!="NAN","",IF( AND(OR(#REF!=#REF!,#REF!="NAN"), OR(#REF!=#REF!,#REF!="NAN"), OR(#REF!=#REF!,#REF!="NAN")), 1, 0)) -> #REF! | G28: =IF(OR(#REF!="UP",#REF!="DOWN"),1,0) -> #REF! | H28: =IF(OR(#REF!="UP",#REF!="DOWN"),1,0) -> #REF! | I28: =IF(OR(#REF!="UP",#REF!="DOWN"),1,0) -> #REF! | M28: =IF(OR(#REF!="UP",#REF!="DOWN"),1,1) -> #REF! | N28: =IF(OR(#REF!="UP",#REF!="DOWN"),VLOOKUP($C28,Configuración!$H$2:$K$11,3),1) -> #REF! | O28: =IF(OR(#REF!="UP",#REF!="DOWN"),VLOOKUP($C28,Configuración!$H$2:$K$11,4),1) -> #REF! | P28: =IF(SUM(G28:I28)=0, 0, IF(SUM(G28:I28)=1, G28*M28 + H28*N28 + I28*O28, IF(SUM(G28:I28)=2, 1 - PRODUCT( IF(G28=1,1-M28,1), IF(H28=1,1-N28,1), IF(I28=1,1-O28,1) ), IF(SUM(G28:I28)=3, 1 - PRODUCT(1-M28,1-N28,1-O28), 0 ) ) ) ) -> #REF! | Q28: =P28*E28 -> #REF! | R28: =IF(AND(OR(D28="UP",D28="DOWN"), Q28>0.95), D28, 0) -> #REF! | T28: =IF(R28<>0,Configuración!$E$2,0) -> #REF! | U28: =IF(R28<>0,Configuración!$F$2,0) -> #REF! | V28: =IF(R28<>0,Configuración!$G$2,0) -> #REF! | W28: =IF(R28="DOWN",S28+(S28*T28/100),S28-(S28*T28/100)) -> #REF! | X28: =IF(R28="DOWN",S28-(S28*U28/100),S28+(S28*U28/100)) -> #REF! | Z28: =IF(R28="DOWN",IF(Y28 < S28 * (1 - 0.01), Y28 * (1 + 0.005), ""),IF(Y28 > S28 * (1 + 0.01), Y28 * (1 - 0.005), "")) -> #REF! | AB28: =(($B$1) *(T28))/100 -> #REF! | AG28: =IF(R28="DOWN",(S28-AA28)/S28*1000,(AA28-S28)/S28*1000) -> #REF! | AH28: =AB28*(AG28) -> #REF! | AI28: =IF(AK28<V28,"MANTENER","CERRAR") -> #REF!
A29: 45919 | B29: 0.625 | C29: GBPUSD | D29: =IF(COUNTIF(#REF!,"<>NAN")=0, 0, IF(AND(OR(#REF!=#REF!,#REF!="NAN"), OR(#REF!=#REF!,#REF!="NAN"), OR(#REF!=#REF!,#REF!="NAN")),#REF!, 0)) -> #REF! | E29: =IF(#REF!="NAN","",IF( AND(OR(#REF!=#REF!,#REF!="NAN"), OR(#REF!=#REF!,#REF!="NAN"), OR(#REF!=#REF!,#REF!="NAN")), 1, 0)) -> #REF! | G29: =IF(OR(#REF!="UP",#REF!="DOWN"),1,0) -> #REF! | H29: =IF(OR(#REF!="UP",#REF!="DOWN"),1,0) -> #REF! | I29: =IF(OR(#REF!="UP",#REF!="DOWN"),1,0) -> #REF! | M29: =IF(OR(#REF!="UP",#REF!="DOWN"),1,1) -> #REF! | N29: =IF(OR(#REF!="UP",#REF!="DOWN"),VLOOKUP($C29,Configuración!$H$2:$K$11,3),1) -> #REF! | O29: =IF(OR(#REF!="UP",#REF!="DOWN"),VLOOKUP($C29,Configuración!$H$2:$K$11,4),1) -> #REF! | P29: =IF(SUM(G29:I29)=0, 0, IF(SUM(G29:I29)=1, G29*M29 + H29*N29 + I29*O29, IF(SUM(G29:I29)=2, 1 - PRODUCT( IF(G29=1,1-M29,1), IF(H29=1,1-N29,1), IF(I29=1,1-O29,1) ), IF(SUM(G29:I29)=3, 1 - PRODUCT(1-M29,1-N29,1-O29), 0 ) ) ) ) -> #REF! | Q29: =P29*E29 -> #REF! | R29: =IF(AND(OR(D29="UP",D29="DOWN"), Q29>0.95), D29, 0) -> #REF! | T29: =IF(R29<>0,Configuración!$E$2,0) -> #REF! | U29: =IF(R29<>0,Configuración!$F$2,0) -> #REF! | V29: =IF(R29<>0,Configuración!$G$2,0) -> #REF! | W29: =IF(R29="DOWN",S29+(S29*T29/100),S29-(S29*T29/100)) -> #REF! | X29: =IF(R29="DOWN",S29-(S29*U29/100),S29+(S29*U29/100)) -> #REF! | Z29: =IF(R29="DOWN",IF(Y29 < S29 * (1 - 0.01), Y29 * (1 + 0.005), ""),IF(Y29 > S29 * (1 + 0.01), Y29 * (1 - 0.005), "")) -> #REF! | AB29: =(($B$1) *(T29))/100 -> #REF! | AG29: =IF(R29="DOWN",(S29-AA29)/S29*1000,(AA29-S29)/S29*1000) -> #REF! | AH29: =AB29*(AG29) -> #REF! | AI29: =IF(AK29<V29,"MANTENER","CERRAR") -> #REF!
A30: 45919 | B30: 0.625 | C30: USDCAD | D30: =IF(COUNTIF(#REF!,"<>NAN")=0, 0, IF(AND(OR(#REF!=#REF!,#REF!="NAN"), OR(#REF!=#REF!,#REF!="NAN"), OR(#REF!=#REF!,#REF!="NAN")),#REF!, 0)) -> #REF! | E30: =IF(#REF!="NAN","",IF( AND(OR(#REF!=#REF!,#REF!="NAN"), OR(#REF!=#REF!,#REF!="NAN"), OR(#REF!=#REF!,#REF!="NAN")), 1, 0)) -> #REF! | G30: =IF(OR(#REF!="UP",#REF!="DOWN"),1,0) -> #REF! | H30: =IF(OR(#REF!="UP",#REF!="DOWN"),1,0) -> #REF! | I30: =IF(OR(#REF!="UP",#REF!="DOWN"),1,0) -> #REF! | M30: =IF(OR(#REF!="UP",#REF!="DOWN"),1,1) -> #REF! | N30: =IF(OR(#REF!="UP",#REF!="DOWN"),VLOOKUP($C30,Configuración!$H$2:$K$11,3),1) -> #REF! | O30: =IF(OR(#REF!="UP",#REF!="DOWN"),VLOOKUP($C30,Configuración!$H$2:$K$11,4),1) -> #REF! | P30: =IF(SUM(G30:I30)=0, 0, IF(SUM(G30:I30)=1, G30*M30 + H30*N30 + I30*O30, IF(SUM(G30:I30)=2, 1 - PRODUCT( IF(G30=1,1-M30,1), IF(H30=1,1-N30,1), IF(I30=1,1-O30,1) ), IF(SUM(G30:I30)=3, 1 - PRODUCT(1-M30,1-N30,1-O30), 0 ) ) ) ) -> #REF! | Q30: =P30*E30 -> #REF! | R30: =IF(AND(OR(D30="UP",D30="DOWN"), Q30>0.95), D30, 0) -> #REF! | T30: =IF(R30<>0,Configuración!$E$2,0) -> #REF! | U30: =IF(R30<>0,Configuración!$F$2,0) -> #REF! | V30: =IF(R30<>0,Configuración!$G$2,0) -> #REF! | W30: =IF(R30="DOWN",S30+(S30*T30/100),S30-(S30*T30/100)) -> #REF! | X30: =IF(R30="DOWN",S30-(S30*U30/100),S30+(S30*U30/100)) -> #REF! | Z30: =IF(R30="DOWN",IF(Y30 < S30 * (1 - 0.01), Y30 * (1 + 0.005), ""),IF(Y30 > S30 * (1 + 0.01), Y30 * (1 - 0.005), "")) -> #REF! | AB30: =(($B$1) *(T30))/100 -> #REF! | AG30: =IF(R30="DOWN",(S30-AA30)/S30*1000,(AA30-S30)/S30*1000) -> #REF! | AH30: =AB30*(AG30) -> #REF! | AI30: =IF(AK30<V30,"MANTENER","CERRAR") -> #REF!
A31: 45919 | B31: 0.625 | C31: USDCHF | D31: =IF(COUNTIF(#REF!,"<>NAN")=0, 0, IF(AND(OR(#REF!=#REF!,#REF!="NAN"), OR(#REF!=#REF!,#REF!="NAN"), OR(#REF!=#REF!,#REF!="NAN")),#REF!, 0)) -> #REF! | E31: =IF(#REF!="NAN","",IF( AND(OR(#REF!=#REF!,#REF!="NAN"), OR(#REF!=#REF!,#REF!="NAN"), OR(#REF!=#REF!,#REF!="NAN")), 1, 0)) -> #REF! | G31: =IF(OR(#REF!="UP",#REF!="DOWN"),1,0) -> #REF! | H31: =IF(OR(#REF!="UP",#REF!="DOWN"),1,0) -> #REF! | I31: =IF(OR(#REF!="UP",#REF!="DOWN"),1,0) -> #REF! | M31: =IF(OR(#REF!="UP",#REF!="DOWN"),1,1) -> #REF! | N31: =IF(OR(#REF!="UP",#REF!="DOWN"),VLOOKUP($C31,Configuración!$H$2:$K$11,3),1) -> #REF! | O31: =IF(OR(#REF!="UP",#REF!="DOWN"),VLOOKUP($C31,Configuración!$H$2:$K$11,4),1) -> #REF! | P31: =IF(SUM(G31:I31)=0, 0, IF(SUM(G31:I31)=1, G31*M31 + H31*N31 + I31*O31, IF(SUM(G31:I31)=2, 1 - PRODUCT( IF(G31=1,1-M31,1), IF(H31=1,1-N31,1), IF(I31=1,1-O31,1) ), IF(SUM(G31:I31)=3, 1 - PRODUCT(1-M31,1-N31,1-O31), 0 ) ) ) ) -> #REF! | Q31: =P31*E31 -> #REF! | R31: DOWN | S31: 0.78961 | T31: 1 | U31: 2 | V31: 5 | W31: =IF(R31="DOWN",S31+(S31*T31/100),S31-(S31*T31/100)) -> 0.7975061 | X31: =IF(R31="DOWN",S31-(S31*U31/100),S31+(S31*U31/100)) -> 0.7738178 | Y31: 0.79664 | Z31: =IF(R31="DOWN",IF(Y31 < S31 * (1 - 0.01), Y31 * (1 + 0.005), ""),IF(Y31 > S31 * (1 + 0.01), Y31 * (1 - 0.005), "")) | AB31: =(($B$1) *(T31))/100 -> 0.7204 | AG31: =IF(R31="DOWN",(S31-AA31)/S31*1000,(AA31-S31)/S31*1000) -> 1000 | AH31: =AB31*(AG31) -> 720.4 | AI31: =IF(AK31<V31,"MANTENER","CERRAR") -> MANTENER | AK31: 2
A32: 45919 | B32: 0.625 | C32: USDJPY | D32: =IF(COUNTIF(#REF!,"<>NAN")=0, 0, IF(AND(OR(#REF!=#REF!,#REF!="NAN"), OR(#REF!=#REF!,#REF!="NAN"), OR(#REF!=#REF!,#REF!="NAN")),#REF!, 0)) -> #REF! | E32: =IF(#REF!="NAN","",IF( AND(OR(#REF!=#REF!,#REF!="NAN"), OR(#REF!=#REF!,#REF!="NAN"), OR(#REF!=#REF!,#REF!="NAN")), 1, 0)) -> #REF! | G32: =IF(OR(#REF!="UP",#REF!="DOWN"),1,0) -> #REF! | H32: =IF(OR(#REF!="UP",#REF!="DOWN"),1,0) -> #REF! | I32: =IF(OR(#REF!="UP",#REF!="DOWN"),1,0) -> #REF! | M32: =IF(OR(#REF!="UP",#REF!="DOWN"),1,1) -> #REF! | N32: =IF(OR(#REF!="UP",#REF!="DOWN"),VLOOKUP($C32,Configuración!$H$2:$K$11,3),1) -> #REF! | O32: =IF(OR(#REF!="UP",#REF!="DOWN"),VLOOKUP($C32,Configuración!$H$2:$K$11,4),1) -> #REF! | P32: =IF(SUM(G32:I32)=0, 0, IF(SUM(G32:I32)=1, G32*M32 + H32*N32 + I32*O32, IF(SUM(G32:I32)=2, 1 - PRODUCT( IF(G32=1,1-M32,1), IF(H32=1,1-N32,1), IF(I32=1,1-O32,1) ), IF(SUM(G32:I32)=3, 1 - PRODUCT(1-M32,1-N32,1-O32), 0 ) ) ) ) -> #REF! | Q32: =P32*E32 -> #REF! | R32: =IF(AND(OR(D32="UP",D32="DOWN"), Q32>0.95), D32, 0) -> #REF! | T32: =IF(R32<>0,Configuración!$E$2,0) -> #REF! | U32: =IF(R32<>0,Configuración!$F$2,0) -> #REF! | V32: =IF(R32<>0,Configuración!$G$2,0) -> #REF! | W32: =IF(R32="DOWN",S32+(S32*T32/100),S32-(S32*T32/100)) -> #REF! | X32: =IF(R32="DOWN",S32-(S32*U32/100),S32+(S32*U32/100)) -> #REF! | Z32: =IF(R32="DOWN",IF(Y32 < S32 * (1 - 0.01), Y32 * (1 + 0.005), ""),IF(Y32 > S32 * (1 + 0.01), Y32 * (1 - 0.005), "")) -> #REF! | AB32: =(($B$1) *(T32))/100 -> #REF! | AG32: =IF(R32="DOWN",(S32-AA32)/S32*1000,(AA32-S32)/S32*1000) -> #REF! | AH32: =AB32*(AG32) -> #REF! | AI32: =IF(AK32<V32,"MANTENER","CERRAR") -> #REF!
A33: 45922 | B33: 0.625 | C33: AUDCAD | D33: =IF(COUNTIF(#REF!,"<>NAN")=0, 0, IF(AND(OR(#REF!=#REF!,#REF!="NAN"), OR(#REF!=#REF!,#REF!="NAN"), OR(#REF!=#REF!,#REF!="NAN")),#REF!, 0)) -> #REF! | E33: =IF(#REF!="NAN","",IF( AND(OR(#REF!=#REF!,#REF!="NAN"), OR(#REF!=#REF!,#REF!="NAN"), OR(#REF!=#REF!,#REF!="NAN")), 1, 0)) -> #REF! | G33: =IF(OR(#REF!="UP",#REF!="DOWN"),1,0) -> #REF! | H33: =IF(OR(#REF!="UP",#REF!="DOWN"),1,0) -> #REF! | I33: =IF(OR(#REF!="UP",#REF!="DOWN"),1,0) -> #REF! | M33: =IF(OR(#REF!="UP",#REF!="DOWN"),1,1) -> #REF! | N33: =IF(OR(#REF!="UP",#REF!="DOWN"),VLOOKUP($C33,Configuración!$H$2:$K$11,3),1) -> #REF! | O33: =IF(OR(#REF!="UP",#REF!="DOWN"),VLOOKUP($C33,Configuración!$H$2:$K$11,4),1) -> #REF! | P33: =IF(SUM(G33:I33)=0, 0, IF(SUM(G33:I33)=1, G33*M33 + H33*N33 + I33*O33, IF(SUM(G33:I33)=2, 1 - PRODUCT( IF(G33=1,1-M33,1), IF(H33=1,1-N33,1), IF(I33=1,1-O33,1) ), IF(SUM(G33:I33)=3, 1 - PRODUCT(1-M33,1-N33,1-O33), 0 ) ) ) ) -> #REF! | Q33: =P33*E33 -> #REF! | R33: =IF(AND(OR(D33="UP",D33="DOWN"), Q33>0.95), D33, 0) -> #REF! | T33: =IF(R33<>0,Configuración!$E$2,0) -> #REF! | U33: =IF(R33<>0,Configuración!$F$2,0) -> #REF! | V33: =IF(R33<>0,Configuración!$G$2,0) -> #REF! | W33: =IF(R33="DOWN",S33+(S33*T33/100),S33-(S33*T33/100)) -> #REF! | X33: =IF(R33="DOWN",S33-(S33*U33/100),S33+(S33*U33/100)) -> #REF! | Z33: =IF(R33="DOWN",IF(Y33 < S33 * (1 - 0.01), Y33 * (1 + 0.005), ""),IF(Y33 > S33 * (1 + 0.01), Y33 * (1 - 0.005), "")) -> #REF! | AB33: =(($B$1) *(T33))/100 -> #REF! | AG33: =IF(R33="DOWN",(S33-AA33)/S33*1000,(AA33-S33)/S33*1000) -> #REF! | AH33: =AB33*(AG33) -> #REF! | AI33: =IF(AK33<V33,"MANTENER","CERRAR") -> #REF!
A34: 45922 | B34: 0.625 | C34: AUDUSD | D34: =IF(COUNTIF(#REF!,"<>NAN")=0, 0, IF(AND(OR(#REF!=#REF!,#REF!="NAN"), OR(#REF!=#REF!,#REF!="NAN"), OR(#REF!=#REF!,#REF!="NAN")),#REF!, 0)) -> #REF! | E34: =IF(#REF!="NAN","",IF( AND(OR(#REF!=#REF!,#REF!="NAN"), OR(#REF!=#REF!,#REF!="NAN"), OR(#REF!=#REF!,#REF!="NAN")), 1, 0)) -> #REF! | G34: =IF(OR(#REF!="UP",#REF!="DOWN"),1,0) -> #REF! | H34: =IF(OR(#REF!="UP",#REF!="DOWN"),1,0) -> #REF! | I34: =IF(OR(#REF!="UP",#REF!="DOWN"),1,0) -> #REF! | M34: =IF(OR(#REF!="UP",#REF!="DOWN"),1,1) -> #REF! | N34: =IF(OR(#REF!="UP",#REF!="DOWN"),VLOOKUP($C34,Configuración!$H$2:$K$11,3),1) -> #REF! | O34: =IF(OR(#REF!="UP",#REF!="DOWN"),VLOOKUP($C34,Configuración!$H$2:$K$11,4),1) -> #REF! | P34: =IF(SUM(G34:I34)=0, 0, IF(SUM(G34:I34)=1, G34*M34 + H34*N34 + I34*O34, IF(SUM(G34:I34)=2, 1 - PRODUCT( IF(G34=1,1-M34,1), IF(H34=1,1-N34,1), IF(I34=1,1-O34,1) ), IF(SUM(G34:I34)=3, 1 - PRODUCT(1-M34,1-N34,1-O34), 0 ) ) ) ) -> #REF! | Q34: =P34*E34 -> #REF! | R34: =IF(AND(OR(D34="UP",D34="DOWN"), Q34>0.95), D34, 0) -> #REF! | T34: =IF(R34<>0,Configuración!$E$2,0) -> #REF! | U34: =IF(R34<>0,Configuración!$F$2,0) -> #REF! | V34: =IF(R34<>0,Configuración!$G$2,0) -> #REF! | W34: =IF(R34="DOWN",S34+(S34*T34/100),S34-(S34*T34/100)) -> #REF! | X34: =IF(R34="DOWN",S34-(S34*U34/100),S34+(S34*U34/100)) -> #REF! | Z34: =IF(R34="DOWN",IF(Y34 < S34 * (1 - 0.01), Y34 * (1 + 0.005), ""),IF(Y34 > S34 * (1 + 0.01), Y34 * (1 - 0.005), "")) -> #REF! | AB34: =(($B$1) *(T34))/100 -> #REF! | AG34: =IF(R34="DOWN",(S34-AA34)/S34*1000,(AA34-S34)/S34*1000) -> #REF! | AH34: =AB34*(AG34) -> #REF! | AI34: =IF(AK34<V34,"MANTENER","CERRAR") -> #REF!
A35: 45922 | B35: 0.625 | C35: CADCHF | D35: =IF(COUNTIF(#REF!,"<>NAN")=0, 0, IF(AND(OR(#REF!=#REF!,#REF!="NAN"), OR(#REF!=#REF!,#REF!="NAN"), OR(#REF!=#REF!,#REF!="NAN")),#REF!, 0)) -> #REF! | E35: =IF(#REF!="NAN","",IF( AND(OR(#REF!=#REF!,#REF!="NAN"), OR(#REF!=#REF!,#REF!="NAN"), OR(#REF!=#REF!,#REF!="NAN")), 1, 0)) -> #REF! | G35: =IF(OR(#REF!="UP",#REF!="DOWN"),1,0) -> #REF! | H35: =IF(OR(#REF!="UP",#REF!="DOWN"),1,0) -> #REF! | I35: =IF(OR(#REF!="UP",#REF!="DOWN"),1,0) -> #REF! | M35: =IF(OR(#REF!="UP",#REF!="DOWN"),1,1) -> #REF! | N35: =IF(OR(#REF!="UP",#REF!="DOWN"),VLOOKUP($C35,Configuración!$H$2:$K$11,3),1) -> #REF! | O35: =IF(OR(#REF!="UP",#REF!="DOWN"),VLOOKUP($C35,Configuración!$H$2:$K$11,4),1) -> #REF! | P35: =IF(SUM(G35:I35)=0, 0, IF(SUM(G35:I35)=1, G35*M35 + H35*N35 + I35*O35, IF(SUM(G35:I35)=2, 1 - PRODUCT( IF(G35=1,1-M35,1), IF(H35=1,1-N35,1), IF(I35=1,1-O35,1) ), IF(SUM(G35:I35)=3, 1 - PRODUCT(1-M35,1-N35,1-O35), 0 ) ) ) ) -> #REF! | Q35: =P35*E35 -> #REF! | R35: =IF(AND(OR(D35="UP",D35="DOWN"), Q35>0.95), D35, 0) -> #REF! | T35: =IF(R35<>0,Configuración!$E$2,0) -> #REF! | U35: =IF(R35<>0,Configuración!$F$2,0) -> #REF! | V35: =IF(R35<>0,Configuración!$G$2,0) -> #REF! | W35: =IF(R35="DOWN",S35+(S35*T35/100),S35-(S35*T35/100)) -> #REF! | X35: =IF(R35="DOWN",S35-(S35*U35/100),S35+(S35*U35/100)) -> #REF! | Z35: =IF(R35="DOWN",IF(Y35 < S35 * (1 - 0.01), Y35 * (1 + 0.005), ""),IF(Y35 > S35 * (1 + 0.01), Y35 * (1 - 0.005), "")) -> #REF! | AB35: =(($B$1) *(T35))/100 -> #REF! | AG35: =IF(R35="DOWN",(S35-AA35)/S35*1000,(AA35-S35)/S35*1000) -> #REF! | AH35: =AB35*(AG35) -> #REF! | AI35: =IF(AK35<V35,"MANTENER","CERRAR") -> #REF!
A36: 45922 | B36: 0.625 | C36: CHFJPY | D36: =IF(COUNTIF(#REF!,"<>NAN")=0, 0, IF(AND(OR(#REF!=#REF!,#REF!="NAN"), OR(#REF!=#REF!,#REF!="NAN"), OR(#REF!=#REF!,#REF!="NAN")),#REF!, 0)) -> #REF! | E36: =IF(#REF!="NAN","",IF( AND(OR(#REF!=#REF!,#REF!="NAN"), OR(#REF!=#REF!,#REF!="NAN"), OR(#REF!=#REF!,#REF!="NAN")), 1, 0)) -> #REF! | G36: =IF(OR(#REF!="UP",#REF!="DOWN"),1,0) -> #REF! | H36: =IF(OR(#REF!="UP",#REF!="DOWN"),1,0) -> #REF! | I36: =IF(OR(#REF!="UP",#REF!="DOWN"),1,0) -> #REF! | M36: =IF(OR(#REF!="UP",#REF!="DOWN"),1,1) -> #REF! | N36: =IF(OR(#REF!="UP",#REF!="DOWN"),VLOOKUP($C36,Configuración!$H$2:$K$11,3),1) -> #REF! | O36: =IF(OR(#REF!="UP",#REF!="DOWN"),VLOOKUP($C36,Configuración!$H$2:$K$11,4),1) -> #REF! | P36: =IF(SUM(G36:I36)=0, 0, IF(SUM(G36:I36)=1, G36*M36 + H36*N36 + I36*O36, IF(SUM(G36:I36)=2, 1 - PRODUCT( IF(G36=1,1-M36,1), IF(H36=1,1-N36,1), IF(I36=1,1-O36,1) ), IF(SUM(G36:I36)=3, 1 - PRODUCT(1-M36,1-N36,1-O36), 0 ) ) ) ) -> #REF! | Q36: =P36*E36 -> #REF! | R36: =IF(AND(OR(D36="UP",D36="DOWN"), Q36>0.95), D36, 0) -> #REF! | T36: =IF(R36<>0,Configuración!$E$2,0) -> #REF! | U36: =IF(R36<>0,Configuración!$F$2,0) -> #REF! | V36: =IF(R36<>0,Configuración!$G$2,0) -> #REF! | W36: =IF(R36="DOWN",S36+(S36*T36/100),S36-(S36*T36/100)) -> #REF! | X36: =IF(R36="DOWN",S36-(S36*U36/100),S36+(S36*U36/100)) -> #REF! | Z36: =IF(R36="DOWN",IF(Y36 < S36 * (1 - 0.01), Y36 * (1 + 0.005), ""),IF(Y36 > S36 * (1 + 0.01), Y36 * (1 - 0.005), "")) -> #REF! | AB36: =(($B$1) *(T36))/100 -> #REF! | AG36: =IF(R36="DOWN",(S36-AA36)/S36*1000,(AA36-S36)/S36*1000) -> #REF! | AH36: =AB36*(AG36) -> #REF! | AI36: =IF(AK36<V36,"MANTENER","CERRAR") -> #REF!
A37: 45922 | B37: 0.625 | C37: EURAUD | D37: =IF(COUNTIF(#REF!,"<>NAN")=0, 0, IF(AND(OR(#REF!=#REF!,#REF!="NAN"), OR(#REF!=#REF!,#REF!="NAN"), OR(#REF!=#REF!,#REF!="NAN")),#REF!, 0)) -> #REF! | E37: =IF(#REF!="NAN","",IF( AND(OR(#REF!=#REF!,#REF!="NAN"), OR(#REF!=#REF!,#REF!="NAN"), OR(#REF!=#REF!,#REF!="NAN")), 1, 0)) -> #REF! | G37: =IF(OR(#REF!="UP",#REF!="DOWN"),1,0) -> #REF! | H37: =IF(OR(#REF!="UP",#REF!="DOWN"),1,0) -> #REF! | I37: =IF(OR(#REF!="UP",#REF!="DOWN"),1,0) -> #REF! | M37: =IF(OR(#REF!="UP",#REF!="DOWN"),1,1) -> #REF! | N37: =IF(OR(#REF!="UP",#REF!="DOWN"),VLOOKUP($C37,Configuración!$H$2:$K$11,3),1) -> #REF! | O37: =IF(OR(#REF!="UP",#REF!="DOWN"),VLOOKUP($C37,Configuración!$H$2:$K$11,4),1) -> #REF! | P37: =IF(SUM(G37:I37)=0, 0, IF(SUM(G37:I37)=1, G37*M37 + H37*N37 + I37*O37, IF(SUM(G37:I37)=2, 1 - PRODUCT( IF(G37=1,1-M37,1), IF(H37=1,1-N37,1), IF(I37=1,1-O37,1) ), IF(SUM(G37:I37)=3, 1 - PRODUCT(1-M37,1-N37,1-O37), 0 ) ) ) ) -> #REF! | Q37: =P37*E37 -> #REF! | R37: =IF(AND(OR(D37="UP",D37="DOWN"), Q37>0.95), D37, 0) -> #REF! | T37: =IF(R37<>0,Configuración!$E$2,0) -> #REF! | U37: =IF(R37<>0,Configuración!$F$2,0) -> #REF! | V37: =IF(R37<>0,Configuración!$G$2,0) -> #REF! | W37: =IF(R37="DOWN",S37+(S37*T37/100),S37-(S37*T37/100)) -> #REF! | X37: =IF(R37="DOWN",S37-(S37*U37/100),S37+(S37*U37/100)) -> #REF! | Z37: =IF(R37="DOWN",IF(Y37 < S37 * (1 - 0.01), Y37 * (1 + 0.005), ""),IF(Y37 > S37 * (1 + 0.01), Y37 * (1 - 0.005), "")) -> #REF! | AB37: =(($B$1) *(T37))/100 -> #REF! | AG37: =IF(R37="DOWN",(S37-AA37)/S37*1000,(AA37-S37)/S37*1000) -> #REF! | AH37: =AB37*(AG37) -> #REF! | AI37: =IF(AK37<V37,"MANTENER","CERRAR") -> #REF!
A38: 45922 | B38: 0.625 | C38: EURUSD | D38: =IF(COUNTIF(#REF!,"<>NAN")=0, 0, IF(AND(OR(#REF!=#REF!,#REF!="NAN"), OR(#REF!=#REF!,#REF!="NAN"), OR(#REF!=#REF!,#REF!="NAN")),#REF!, 0)) -> #REF! | E38: =IF(#REF!="NAN","",IF( AND(OR(#REF!=#REF!,#REF!="NAN"), OR(#REF!=#REF!,#REF!="NAN"), OR(#REF!=#REF!,#REF!="NAN")), 1, 0)) -> #REF! | G38: =IF(OR(#REF!="UP",#REF!="DOWN"),1,0) -> #REF! | H38: =IF(OR(#REF!="UP",#REF!="DOWN"),1,0) -> #REF! | I38: =IF(OR(#REF!="UP",#REF!="DOWN"),1,0) -> #REF! | M38: =IF(OR(#REF!="UP",#REF!="DOWN"),1,1) -> #REF! | N38: =IF(OR(#REF!="UP",#REF!="DOWN"),VLOOKUP($C38,Configuración!$H$2:$K$11,3),1) -> #REF! | O38: =IF(OR(#REF!="UP",#REF!="DOWN"),VLOOKUP($C38,Configuración!$H$2:$K$11,4),1) -> #REF! | P38: =IF(SUM(G38:I38)=0, 0, IF(SUM(G38:I38)=1, G38*M38 + H38*N38 + I38*O38, IF(SUM(G38:I38)=2, 1 - PRODUCT( IF(G38=1,1-M38,1), IF(H38=1,1-N38,1), IF(I38=1,1-O38,1) ), IF(SUM(G38:I38)=3, 1 - PRODUCT(1-M38,1-N38,1-O38), 0 ) ) ) ) -> #REF! | Q38: =P38*E38 -> #REF! | R38: =IF(AND(OR(D38="UP",D38="DOWN"), Q38>0.95), D38, 0) -> #REF! | T38: =IF(R38<>0,Configuración!$E$2,0) -> #REF! | U38: =IF(R38<>0,Configuración!$F$2,0) -> #REF! | V38: =IF(R38<>0,Configuración!$G$2,0) -> #REF! | W38: =IF(R38="DOWN",S38+(S38*T38/100),S38-(S38*T38/100)) -> #REF! | X38: =IF(R38="DOWN",S38-(S38*U38/100),S38+(S38*U38/100)) -> #REF! | Z38: =IF(R38="DOWN",IF(Y38 < S38 * (1 - 0.01), Y38 * (1 + 0.005), ""),IF(Y38 > S38 * (1 + 0.01), Y38 * (1 - 0.005), "")) -> #REF! | AB38: =(($B$1) *(T38))/100 -> #REF! | AG38: =IF(R38="DOWN",(S38-AA38)/S38*1000,(AA38-S38)/S38*1000) -> #REF! | AH38: =AB38*(AG38) -> #REF! | AI38: =IF(AK38<V38,"MANTENER","CERRAR") -> #REF!
A39: 45922 | B39: 0.625 | C39: GBPUSD | D39: =IF(COUNTIF(#REF!,"<>NAN")=0, 0, IF(AND(OR(#REF!=#REF!,#REF!="NAN"), OR(#REF!=#REF!,#REF!="NAN"), OR(#REF!=#REF!,#REF!="NAN")),#REF!, 0)) -> #REF! | E39: =IF(#REF!="NAN","",IF( AND(OR(#REF!=#REF!,#REF!="NAN"), OR(#REF!=#REF!,#REF!="NAN"), OR(#REF!=#REF!,#REF!="NAN")), 1, 0)) -> #REF! | G39: =IF(OR(#REF!="UP",#REF!="DOWN"),1,0) -> #REF! | H39: =IF(OR(#REF!="UP",#REF!="DOWN"),1,0) -> #REF! | I39: =IF(OR(#REF!="UP",#REF!="DOWN"),1,0) -> #REF! | M39: =IF(OR(#REF!="UP",#REF!="DOWN"),1,1) -> #REF! | N39: =IF(OR(#REF!="UP",#REF!="DOWN"),VLOOKUP($C39,Configuración!$H$2:$K$11,3),1) -> #REF! | O39: =IF(OR(#REF!="UP",#REF!="DOWN"),VLOOKUP($C39,Configuración!$H$2:$K$11,4),1) -> #REF! | P39: =IF(SUM(G39:I39)=0, 0, IF(SUM(G39:I39)=1, G39*M39 + H39*N39 + I39*O39, IF(SUM(G39:I39)=2, 1 - PRODUCT( IF(G39=1,1-M39,1), IF(H39=1,1-N39,1), IF(I39=1,1-O39,1) ), IF(SUM(G39:I39)=3, 1 - PRODUCT(1-M39,1-N39,1-O39), 0 ) ) ) ) -> #REF! | Q39: =P39*E39 -> #REF! | R39: =IF(AND(OR(D39="UP",D39="DOWN"), Q39>0.95), D39, 0) -> #REF! | T39: =IF(R39<>0,Configuración!$E$2,0) -> #REF! | U39: =IF(R39<>0,Configuración!$F$2,0) -> #REF! | V39: =IF(R39<>0,Configuración!$G$2,0) -> #REF! | W39: =IF(R39="DOWN",S39+(S39*T39/100),S39-(S39*T39/100)) -> #REF! | X39: =IF(R39="DOWN",S39-(S39*U39/100),S39+(S39*U39/100)) -> #REF! | Z39: =IF(R39="DOWN",IF(Y39 < S39 * (1 - 0.01), Y39 * (1 + 0.005), ""),IF(Y39 > S39 * (1 + 0.01), Y39 * (1 - 0.005), "")) -> #REF! | AB39: =(($B$1) *(T39))/100 -> #REF! | AG39: =IF(R39="DOWN",(S39-AA39)/S39*1000,(AA39-S39)/S39*1000) -> #REF! | AH39: =AB39*(AG39) -> #REF! | AI39: =IF(AK39<V39,"MANTENER","CERRAR") -> #REF!
A40: 45922 | B40: 0.625 | C40: USDCAD | D40: =IF(COUNTIF(#REF!,"<>NAN")=0, 0, IF(AND(OR(#REF!=#REF!,#REF!="NAN"), OR(#REF!=#REF!,#REF!="NAN"), OR(#REF!=#REF!,#REF!="NAN")),#REF!, 0)) -> #REF! | E40: =IF(#REF!="NAN","",IF( AND(OR(#REF!=#REF!,#REF!="NAN"), OR(#REF!=#REF!,#REF!="NAN"), OR(#REF!=#REF!,#REF!="NAN")), 1, 0)) -> #REF! | G40: =IF(OR(#REF!="UP",#REF!="DOWN"),1,0) -> #REF! | H40: =IF(OR(#REF!="UP",#REF!="DOWN"),1,0) -> #REF! | I40: =IF(OR(#REF!="UP",#REF!="DOWN"),1,0) -> #REF! | M40: =IF(OR(#REF!="UP",#REF!="DOWN"),1,1) -> #REF! | N40: =IF(OR(#REF!="UP",#REF!="DOWN"),VLOOKUP($C40,Configuración!$H$2:$K$11,3),1) -> #REF! | O40: =IF(OR(#REF!="UP",#REF!="DOWN"),VLOOKUP($C40,Configuración!$H$2:$K$11,4),1) -> #REF! | P40: =IF(SUM(G40:I40)=0, 0, IF(SUM(G40:I40)=1, G40*M40 + H40*N40 + I40*O40, IF(SUM(G40:I40)=2, 1 - PRODUCT( IF(G40=1,1-M40,1), IF(H40=1,1-N40,1), IF(I40=1,1-O40,1) ), IF(SUM(G40:I40)=3, 1 - PRODUCT(1-M40,1-N40,1-O40), 0 ) ) ) ) -> #REF! | Q40: =P40*E40 -> #REF! | R40: =IF(AND(OR(D40="UP",D40="DOWN"), Q40>0.95), D40, 0) -> #REF! | T40: =IF(R40<>0,Configuración!$E$2,0) -> #REF! | U40: =IF(R40<>0,Configuración!$F$2,0) -> #REF! | V40: =IF(R40<>0,Configuración!$G$2,0) -> #REF! | W40: =IF(R40="DOWN",S40+(S40*T40/100),S40-(S40*T40/100)) -> #REF! | X40: =IF(R40="DOWN",S40-(S40*U40/100),S40+(S40*U40/100)) -> #REF! | Z40: =IF(R40="DOWN",IF(Y40 < S40 * (1 - 0.01), Y40 * (1 + 0.005), ""),IF(Y40 > S40 * (1 + 0.01), Y40 * (1 - 0.005), "")) -> #REF! | AB40: =(($B$1) *(T40))/100 -> #REF! | AG40: =IF(R40="DOWN",(S40-AA40)/S40*1000,(AA40-S40)/S40*1000) -> #REF! | AH40: =AB40*(AG40) -> #REF! | AI40: =IF(AK40<V40,"MANTENER","CERRAR") -> #REF!
A41: 45922 | B41: 0.625 | C41: USDCHF | D41: =IF(COUNTIF(#REF!,"<>NAN")=0, 0, IF(AND(OR(#REF!=#REF!,#REF!="NAN"), OR(#REF!=#REF!,#REF!="NAN"), OR(#REF!=#REF!,#REF!="NAN")),#REF!, 0)) -> #REF! | E41: =IF(#REF!="NAN","",IF( AND(OR(#REF!=#REF!,#REF!="NAN"), OR(#REF!=#REF!,#REF!="NAN"), OR(#REF!=#REF!,#REF!="NAN")), 1, 0)) -> #REF! | G41: =IF(OR(#REF!="UP",#REF!="DOWN"),1,0) -> #REF! | H41: =IF(OR(#REF!="UP",#REF!="DOWN"),1,0) -> #REF! | I41: =IF(OR(#REF!="UP",#REF!="DOWN"),1,0) -> #REF! | M41: =IF(OR(#REF!="UP",#REF!="DOWN"),1,1) -> #REF! | N41: =IF(OR(#REF!="UP",#REF!="DOWN"),VLOOKUP($C41,Configuración!$H$2:$K$11,3),1) -> #REF! | O41: =IF(OR(#REF!="UP",#REF!="DOWN"),VLOOKUP($C41,Configuración!$H$2:$K$11,4),1) -> #REF! | P41: =IF(SUM(G41:I41)=0, 0, IF(SUM(G41:I41)=1, G41*M41 + H41*N41 + I41*O41, IF(SUM(G41:I41)=2, 1 - PRODUCT( IF(G41=1,1-M41,1), IF(H41=1,1-N41,1), IF(I41=1,1-O41,1) ), IF(SUM(G41:I41)=3, 1 - PRODUCT(1-M41,1-N41,1-O41), 0 ) ) ) ) -> #REF! | Q41: =P41*E41 -> #REF! | R41: DOWN | S41: 0.78961 | T41: =IF(R41<>0,Configuración!$E$2,0) -> 1 | U41: =IF(R41<>0,Configuración!$F$2,0) -> 2 | V41: =IF(R41<>0,Configuración!$G$2,0) -> 5 | W41: =IF(R41="DOWN",S41+(S41*T41/100),S41-(S41*T41/100)) -> 0.7975061 | X41: =IF(R41="DOWN",S41-(S41*U41/100),S41+(S41*U41/100)) -> 0.7738178 | Y41: 0.79376 | Z41: =IF(R41="DOWN",IF(Y41 < S41 * (1 - 0.01), Y41 * (1 + 0.005), ""),IF(Y41 > S41 * (1 + 0.01), Y41 * (1 - 0.005), "")) | AB41: =(($B$1) *(T41))/100 -> 0.7204 | AG41: =IF(R41="DOWN",(S41-AA41)/S41*1000,(AA41-S41)/S41*1000) -> 1000 | AH41: =AB41*(AG41) -> 720.4 | AI41: =IF(AK41<V41,"MANTENER","CERRAR") -> MANTENER | AK41: 3
A42: 45922 | B42: 0.625 | C42: USDJPY | D42: =IF(COUNTIF(#REF!,"<>NAN")=0, 0, IF(AND(OR(#REF!=#REF!,#REF!="NAN"), OR(#REF!=#REF!,#REF!="NAN"), OR(#REF!=#REF!,#REF!="NAN")),#REF!, 0)) -> #REF! | E42: =IF(#REF!="NAN","",IF( AND(OR(#REF!=#REF!,#REF!="NAN"), OR(#REF!=#REF!,#REF!="NAN"), OR(#REF!=#REF!,#REF!="NAN")), 1, 0)) -> #REF! | G42: =IF(OR(#REF!="UP",#REF!="DOWN"),1,0) -> #REF! | H42: =IF(OR(#REF!="UP",#REF!="DOWN"),1,0) -> #REF! | I42: =IF(OR(#REF!="UP",#REF!="DOWN"),1,0) -> #REF! | M42: =IF(OR(#REF!="UP",#REF!="DOWN"),1,1) -> #REF! | N42: =IF(OR(#REF!="UP",#REF!="DOWN"),VLOOKUP($C42,Configuración!$H$2:$K$11,3),1) -> #REF! | O42: =IF(OR(#REF!="UP",#REF!="DOWN"),VLOOKUP($C42,Configuración!$H$2:$K$11,4),1) -> #REF! | P42: =IF(SUM(G42:I42)=0, 0, IF(SUM(G42:I42)=1, G42*M42 + H42*N42 + I42*O42, IF(SUM(G42:I42)=2, 1 - PRODUCT( IF(G42=1,1-M42,1), IF(H42=1,1-N42,1), IF(I42=1,1-O42,1) ), IF(SUM(G42:I42)=3, 1 - PRODUCT(1-M42,1-N42,1-O42), 0 ) ) ) ) -> #REF! | Q42: =P42*E42 -> #REF! | R42: =IF(AND(OR(D42="UP",D42="DOWN"), Q42>0.95), D42, 0) -> #REF! | T42: =IF(R42<>0,Configuración!$E$2,0) -> #REF! | U42: =IF(R42<>0,Configuración!$F$2,0) -> #REF! | V42: =IF(R42<>0,Configuración!$G$2,0) -> #REF! | W42: =IF(R42="DOWN",S42+(S42*T42/100),S42-(S42*T42/100)) -> #REF! | X42: =IF(R42="DOWN",S42-(S42*U42/100),S42+(S42*U42/100)) -> #REF! | Z42: =IF(R42="DOWN",IF(Y42 < S42 * (1 - 0.01), Y42 * (1 + 0.005), ""),IF(Y42 > S42 * (1 + 0.01), Y42 * (1 - 0.005), "")) -> #REF! | AB42: =(($B$1) *(T42))/100 -> #REF! | AG42: =IF(R42="DOWN",(S42-AA42)/S42*1000,(AA42-S42)/S42*1000) -> #REF! | AH42: =AB42*(AG42) -> #REF! | AI42: =IF(AK42<V42,"MANTENER","CERRAR") -> #REF!
A43: 45923 | B43: 0.625 | C43: AUDCAD | D43: =IF(COUNTIF(#REF!,"<>NAN")=0, 0, IF(AND(OR(#REF!=#REF!,#REF!="NAN"), OR(#REF!=#REF!,#REF!="NAN"), OR(#REF!=#REF!,#REF!="NAN")),#REF!, 0)) -> #REF! | E43: =IF(#REF!="NAN","",IF( AND(OR(#REF!=#REF!,#REF!="NAN"), OR(#REF!=#REF!,#REF!="NAN"), OR(#REF!=#REF!,#REF!="NAN")), 1, 0)) -> #REF! | G43: =IF(OR(#REF!="UP",#REF!="DOWN"),1,0) -> #REF! | H43: =IF(OR(#REF!="UP",#REF!="DOWN"),1,0) -> #REF! | I43: =IF(OR(#REF!="UP",#REF!="DOWN"),1,0) -> #REF! | M43: =IF(OR(#REF!="UP",#REF!="DOWN"),1,1) -> #REF! | N43: =IF(OR(#REF!="UP",#REF!="DOWN"),VLOOKUP($C43,Configuración!$H$2:$K$11,3),1) -> #REF! | O43: =IF(OR(#REF!="UP",#REF!="DOWN"),VLOOKUP($C43,Configuración!$H$2:$K$11,4),1) -> #REF! | P43: =IF(SUM(G43:I43)=0, 0, IF(SUM(G43:I43)=1, G43*M43 + H43*N43 + I43*O43, IF(SUM(G43:I43)=2, 1 - PRODUCT( IF(G43=1,1-M43,1), IF(H43=1,1-N43,1), IF(I43=1,1-O43,1) ), IF(SUM(G43:I43)=3, 1 - PRODUCT(1-M43,1-N43,1-O43), 0 ) ) ) ) -> #REF! | Q43: =P43*E43 -> #REF! | R43: =IF(AND(OR(D43="UP",D43="DOWN"), Q43>0.95), D43, 0) -> #REF! | T43: =IF(R43<>0,Configuración!$E$2,0) -> #REF! | U43: =IF(R43<>0,Configuración!$F$2,0) -> #REF! | V43: =IF(R43<>0,Configuración!$G$2,0) -> #REF! | W43: =IF(R43="DOWN",S43+(S43*T43/100),S43-(S43*T43/100)) -> #REF! | X43: =IF(R43="DOWN",S43-(S43*U43/100),S43+(S43*U43/100)) -> #REF! | Z43: =IF(R43="DOWN",IF(Y43 < S43 * (1 - 0.01), Y43 * (1 + 0.005), ""),IF(Y43 > S43 * (1 + 0.01), Y43 * (1 - 0.005), "")) -> #REF! | AB43: =(($B$1) *(T43))/100 -> #REF! | AG43: =IF(R43="DOWN",(S43-AA43)/S43*1000,(AA43-S43)/S43*1000) -> #REF! | AH43: =AB43*(AG43) -> #REF! | AI43: =IF(AK43<V43,"MANTENER","CERRAR") -> #REF!
A44: 45923 | B44: 0.625 | C44: AUDUSD | D44: =IF(COUNTIF(#REF!,"<>NAN")=0, 0, IF(AND(OR(#REF!=#REF!,#REF!="NAN"), OR(#REF!=#REF!,#REF!="NAN"), OR(#REF!=#REF!,#REF!="NAN")),#REF!, 0)) -> #REF! | E44: =IF(#REF!="NAN","",IF( AND(OR(#REF!=#REF!,#REF!="NAN"), OR(#REF!=#REF!,#REF!="NAN"), OR(#REF!=#REF!,#REF!="NAN")), 1, 0)) -> #REF! | G44: =IF(OR(#REF!="UP",#REF!="DOWN"),1,0) -> #REF! | H44: =IF(OR(#REF!="UP",#REF!="DOWN"),1,0) -> #REF! | I44: =IF(OR(#REF!="UP",#REF!="DOWN"),1,0) -> #REF! | M44: =IF(OR(#REF!="UP",#REF!="DOWN"),1,1) -> #REF! | N44: =IF(OR(#REF!="UP",#REF!="DOWN"),VLOOKUP($C44,Configuración!$H$2:$K$11,3),1) -> #REF! | O44: =IF(OR(#REF!="UP",#REF!="DOWN"),VLOOKUP($C44,Configuración!$H$2:$K$11,4),1) -> #REF! | P44: =IF(SUM(G44:I44)=0, 0, IF(SUM(G44:I44)=1, G44*M44 + H44*N44 + I44*O44, IF(SUM(G44:I44)=2, 1 - PRODUCT( IF(G44=1,1-M44,1), IF(H44=1,1-N44,1), IF(I44=1,1-O44,1) ), IF(SUM(G44:I44)=3, 1 - PRODUCT(1-M44,1-N44,1-O44), 0 ) ) ) ) -> #REF! | Q44: =P44*E44 -> #REF! | R44: =IF(AND(OR(D44="UP",D44="DOWN"), Q44>0.95), D44, 0) -> #REF! | T44: =IF(R44<>0,Configuración!$E$2,0) -> #REF! | U44: =IF(R44<>0,Configuración!$F$2,0) -> #REF! | V44: =IF(R44<>0,Configuración!$G$2,0) -> #REF! | W44: =IF(R44="DOWN",S44+(S44*T44/100),S44-(S44*T44/100)) -> #REF! | X44: =IF(R44="DOWN",S44-(S44*U44/100),S44+(S44*U44/100)) -> #REF! | Z44: =IF(R44="DOWN",IF(Y44 < S44 * (1 - 0.01), Y44 * (1 + 0.005), ""),IF(Y44 > S44 * (1 + 0.01), Y44 * (1 - 0.005), "")) -> #REF! | AB44: =(($B$1) *(T44))/100 -> #REF! | AG44: =IF(R44="DOWN",(S44-AA44)/S44*1000,(AA44-S44)/S44*1000) -> #REF! | AH44: =AB44*(AG44) -> #REF! | AI44: =IF(AK44<V44,"MANTENER","CERRAR") -> #REF!
A45: 45923 | B45: 0.625 | C45: CADCHF | D45: =IF(COUNTIF(#REF!,"<>NAN")=0, 0, IF(AND(OR(#REF!=#REF!,#REF!="NAN"), OR(#REF!=#REF!,#REF!="NAN"), OR(#REF!=#REF!,#REF!="NAN")),#REF!, 0)) -> #REF! | E45: =IF(#REF!="NAN","",IF( AND(OR(#REF!=#REF!,#REF!="NAN"), OR(#REF!=#REF!,#REF!="NAN"), OR(#REF!=#REF!,#REF!="NAN")), 1, 0)) -> #REF! | G45: =IF(OR(#REF!="UP",#REF!="DOWN"),1,0) -> #REF! | H45: =IF(OR(#REF!="UP",#REF!="DOWN"),1,0) -> #REF! | I45: =IF(OR(#REF!="UP",#REF!="DOWN"),1,0) -> #REF! | M45: =IF(OR(#REF!="UP",#REF!="DOWN"),1,1) -> #REF! | N45: =IF(OR(#REF!="UP",#REF!="DOWN"),VLOOKUP($C45,Configuración!$H$2:$K$11,3),1) -> #REF! | O45: =IF(OR(#REF!="UP",#REF!="DOWN"),VLOOKUP($C45,Configuración!$H$2:$K$11,4),1) -> #REF! | P45: =IF(SUM(G45:I45)=0, 0, IF(SUM(G45:I45)=1, G45*M45 + H45*N45 + I45*O45, IF(SUM(G45:I45)=2, 1 - PRODUCT( IF(G45=1,1-M45,1), IF(H45=1,1-N45,1), IF(I45=1,1-O45,1) ), IF(SUM(G45:I45)=3, 1 - PRODUCT(1-M45,1-N45,1-O45), 0 ) ) ) ) -> #REF! | Q45: =P45*E45 -> #REF! | R45: =IF(AND(OR(D45="UP",D45="DOWN"), Q45>0.95), D45, 0) -> #REF! | T45: =IF(R45<>0,Configuración!$E$2,0) -> #REF! | U45: =IF(R45<>0,Configuración!$F$2,0) -> #REF! | V45: =IF(R45<>0,Configuración!$G$2,0) -> #REF! | W45: =IF(R45="DOWN",S45+(S45*T45/100),S45-(S45*T45/100)) -> #REF! | X45: =IF(R45="DOWN",S45-(S45*U45/100),S45+(S45*U45/100)) -> #REF! | Z45: =IF(R45="DOWN",IF(Y45 < S45 * (1 - 0.01), Y45 * (1 + 0.005), ""),IF(Y45 > S45 * (1 + 0.01), Y45 * (1 - 0.005), "")) -> #REF! | AB45: =(($B$1) *(T45))/100 -> #REF! | AG45: =IF(R45="DOWN",(S45-AA45)/S45*1000,(AA45-S45)/S45*1000) -> #REF! | AH45: =AB45*(AG45) -> #REF! | AI45: =IF(AK45<V45,"MANTENER","CERRAR") -> #REF!
A46: 45923 | B46: 0.625 | C46: CHFJPY | D46: =IF(COUNTIF(#REF!,"<>NAN")=0, 0, IF(AND(OR(#REF!=#REF!,#REF!="NAN"), OR(#REF!=#REF!,#REF!="NAN"), OR(#REF!=#REF!,#REF!="NAN")),#REF!, 0)) -> #REF! | E46: =IF(#REF!="NAN","",IF( AND(OR(#REF!=#REF!,#REF!="NAN"), OR(#REF!=#REF!,#REF!="NAN"), OR(#REF!=#REF!,#REF!="NAN")), 1, 0)) -> #REF! | G46: =IF(OR(#REF!="UP",#REF!="DOWN"),1,0) -> #REF! | H46: =IF(OR(#REF!="UP",#REF!="DOWN"),1,0) -> #REF! | I46: =IF(OR(#REF!="UP",#REF!="DOWN"),1,0) -> #REF! | M46: =IF(OR(#REF!="UP",#REF!="DOWN"),1,1) -> #REF! | N46: =IF(OR(#REF!="UP",#REF!="DOWN"),VLOOKUP($C46,Configuración!$H$2:$K$11,3),1) -> #REF! | O46: =IF(OR(#REF!="UP",#REF!="DOWN"),VLOOKUP($C46,Configuración!$H$2:$K$11,4),1) -> #REF! | P46: =IF(SUM(G46:I46)=0, 0, IF(SUM(G46:I46)=1, G46*M46 + H46*N46 + I46*O46, IF(SUM(G46:I46)=2, 1 - PRODUCT( IF(G46=1,1-M46,1), IF(H46=1,1-N46,1), IF(I46=1,1-O46,1) ), IF(SUM(G46:I46)=3, 1 - PRODUCT(1-M46,1-N46,1-O46), 0 ) ) ) ) -> #REF! | Q46: =P46*E46 -> #REF! | R46: =IF(AND(OR(D46="UP",D46="DOWN"), Q46>0.95), D46, 0) -> #REF! | T46: =IF(R46<>0,Configuración!$E$2,0) -> #REF! | U46: =IF(R46<>0,Configuración!$F$2,0) -> #REF! | V46: =IF(R46<>0,Configuración!$G$2,0) -> #REF! | W46: =IF(R46="DOWN",S46+(S46*T46/100),S46-(S46*T46/100)) -> #REF! | X46: =IF(R46="DOWN",S46-(S46*U46/100),S46+(S46*U46/100)) -> #REF! | Z46: =IF(R46="DOWN",IF(Y46 < S46 * (1 - 0.01), Y46 * (1 + 0.005), ""),IF(Y46 > S46 * (1 + 0.01), Y46 * (1 - 0.005), "")) -> #REF! | AB46: =(($B$1) *(T46))/100 -> #REF! | AG46: =IF(R46="DOWN",(S46-AA46)/S46*1000,(AA46-S46)/S46*1000) -> #REF! | AH46: =AB46*(AG46) -> #REF! | AI46: =IF(AK46<V46,"MANTENER","CERRAR") -> #REF!
A47: 45923 | B47: 0.625 | C47: EURAUD | D47: =IF(COUNTIF(#REF!,"<>NAN")=0, 0, IF(AND(OR(#REF!=#REF!,#REF!="NAN"), OR(#REF!=#REF!,#REF!="NAN"), OR(#REF!=#REF!,#REF!="NAN")),#REF!, 0)) -> #REF! | E47: =IF(#REF!="NAN","",IF( AND(OR(#REF!=#REF!,#REF!="NAN"), OR(#REF!=#REF!,#REF!="NAN"), OR(#REF!=#REF!,#REF!="NAN")), 1, 0)) -> #REF! | G47: =IF(OR(#REF!="UP",#REF!="DOWN"),1,0) -> #REF! | H47: =IF(OR(#REF!="UP",#REF!="DOWN"),1,0) -> #REF! | I47: =IF(OR(#REF!="UP",#REF!="DOWN"),1,0) -> #REF! | M47: =IF(OR(#REF!="UP",#REF!="DOWN"),1,1) -> #REF! | N47: =IF(OR(#REF!="UP",#REF!="DOWN"),VLOOKUP($C47,Configuración!$H$2:$K$11,3),1) -> #REF! | O47: =IF(OR(#REF!="UP",#REF!="DOWN"),VLOOKUP($C47,Configuración!$H$2:$K$11,4),1) -> #REF! | P47: =IF(SUM(G47:I47)=0, 0, IF(SUM(G47:I47)=1, G47*M47 + H47*N47 + I47*O47, IF(SUM(G47:I47)=2, 1 - PRODUCT( IF(G47=1,1-M47,1), IF(H47=1,1-N47,1), IF(I47=1,1-O47,1) ), IF(SUM(G47:I47)=3, 1 - PRODUCT(1-M47,1-N47,1-O47), 0 ) ) ) ) -> #REF! | Q47: =P47*E47 -> #REF! | R47: =IF(AND(OR(D47="UP",D47="DOWN"), Q47>0.95), D47, 0) -> #REF! | T47: =IF(R47<>0,Configuración!$E$2,0) -> #REF! | U47: =IF(R47<>0,Configuración!$F$2,0) -> #REF! | V47: =IF(R47<>0,Configuración!$G$2,0) -> #REF! | W47: =IF(R47="DOWN",S47+(S47*T47/100),S47-(S47*T47/100)) -> #REF! | X47: =IF(R47="DOWN",S47-(S47*U47/100),S47+(S47*U47/100)) -> #REF! | Z47: =IF(R47="DOWN",IF(Y47 < S47 * (1 - 0.01), Y47 * (1 + 0.005), ""),IF(Y47 > S47 * (1 + 0.01), Y47 * (1 - 0.005), "")) -> #REF! | AB47: =(($B$1) *(T47))/100 -> #REF! | AG47: =IF(R47="DOWN",(S47-AA47)/S47*1000,(AA47-S47)/S47*1000) -> #REF! | AH47: =AB47*(AG47) -> #REF! | AI47: =IF(AK47<V47,"MANTENER","CERRAR") -> #REF!
A48: 45923 | B48: 0.625 | C48: EURUSD | D48: =IF(COUNTIF(#REF!,"<>NAN")=0, 0, IF(AND(OR(#REF!=#REF!,#REF!="NAN"), OR(#REF!=#REF!,#REF!="NAN"), OR(#REF!=#REF!,#REF!="NAN")),#REF!, 0)) -> #REF! | E48: =IF(#REF!="NAN","",IF( AND(OR(#REF!=#REF!,#REF!="NAN"), OR(#REF!=#REF!,#REF!="NAN"), OR(#REF!=#REF!,#REF!="NAN")), 1, 0)) -> #REF! | G48: =IF(OR(#REF!="UP",#REF!="DOWN"),1,0) -> #REF! | H48: =IF(OR(#REF!="UP",#REF!="DOWN"),1,0) -> #REF! | I48: =IF(OR(#REF!="UP",#REF!="DOWN"),1,0) -> #REF! | M48: =IF(OR(#REF!="UP",#REF!="DOWN"),1,1) -> #REF! | N48: =IF(OR(#REF!="UP",#REF!="DOWN"),VLOOKUP($C48,Configuración!$H$2:$K$11,3),1) -> #REF! | O48: =IF(OR(#REF!="UP",#REF!="DOWN"),VLOOKUP($C48,Configuración!$H$2:$K$11,4),1) -> #REF! | P48: =IF(SUM(G48:I48)=0, 0, IF(SUM(G48:I48)=1, G48*M48 + H48*N48 + I48*O48, IF(SUM(G48:I48)=2, 1 - PRODUCT( IF(G48=1,1-M48,1), IF(H48=1,1-N48,1), IF(I48=1,1-O48,1) ), IF(SUM(G48:I48)=3, 1 - PRODUCT(1-M48,1-N48,1-O48), 0 ) ) ) ) -> #REF! | Q48: =P48*E48 -> #REF! | R48: =IF(AND(OR(D48="UP",D48="DOWN"), Q48>0.95), D48, 0) -> #REF! | T48: =IF(R48<>0,Configuración!$E$2,0) -> #REF! | U48: =IF(R48<>0,Configuración!$F$2,0) -> #REF! | V48: =IF(R48<>0,Configuración!$G$2,0) -> #REF! | W48: =IF(R48="DOWN",S48+(S48*T48/100),S48-(S48*T48/100)) -> #REF! | X48: =IF(R48="DOWN",S48-(S48*U48/100),S48+(S48*U48/100)) -> #REF! | Z48: =IF(R48="DOWN",IF(Y48 < S48 * (1 - 0.01), Y48 * (1 + 0.005), ""),IF(Y48 > S48 * (1 + 0.01), Y48 * (1 - 0.005), "")) -> #REF! | AB48: =(($B$1) *(T48))/100 -> #REF! | AG48: =IF(R48="DOWN",(S48-AA48)/S48*1000,(AA48-S48)/S48*1000) -> #REF! | AH48: =AB48*(AG48) -> #REF! | AI48: =IF(AK48<V48,"MANTENER","CERRAR") -> #REF!
A49: 45923 | B49: 0.625 | C49: GBPUSD | D49: =IF(COUNTIF(#REF!,"<>NAN")=0, 0, IF(AND(OR(#REF!=#REF!,#REF!="NAN"), OR(#REF!=#REF!,#REF!="NAN"), OR(#REF!=#REF!,#REF!="NAN")),#REF!, 0)) -> #REF! | E49: =IF(#REF!="NAN","",IF( AND(OR(#REF!=#REF!,#REF!="NAN"), OR(#REF!=#REF!,#REF!="NAN"), OR(#REF!=#REF!,#REF!="NAN")), 1, 0)) -> #REF! | G49: =IF(OR(#REF!="UP",#REF!="DOWN"),1,0) -> #REF! | H49: =IF(OR(#REF!="UP",#REF!="DOWN"),1,0) -> #REF! | I49: =IF(OR(#REF!="UP",#REF!="DOWN"),1,0) -> #REF! | M49: =IF(OR(#REF!="UP",#REF!="DOWN"),1,1) -> #REF! | N49: =IF(OR(#REF!="UP",#REF!="DOWN"),VLOOKUP($C49,Configuración!$H$2:$K$11,3),1) -> #REF! | O49: =IF(OR(#REF!="UP",#REF!="DOWN"),VLOOKUP($C49,Configuración!$H$2:$K$11,4),1) -> #REF! | P49: =IF(SUM(G49:I49)=0, 0, IF(SUM(G49:I49)=1, G49*M49 + H49*N49 + I49*O49, IF(SUM(G49:I49)=2, 1 - PRODUCT( IF(G49=1,1-M49,1), IF(H49=1,1-N49,1), IF(I49=1,1-O49,1) ), IF(SUM(G49:I49)=3, 1 - PRODUCT(1-M49,1-N49,1-O49), 0 ) ) ) ) -> #REF! | Q49: =P49*E49 -> #REF! | R49: =IF(AND(OR(D49="UP",D49="DOWN"), Q49>0.95), D49, 0) -> #REF! | T49: =IF(R49<>0,Configuración!$E$2,0) -> #REF! | U49: =IF(R49<>0,Configuración!$F$2,0) -> #REF! | V49: =IF(R49<>0,Configuración!$G$2,0) -> #REF! | W49: =IF(R49="DOWN",S49+(S49*T49/100),S49-(S49*T49/100)) -> #REF! | X49: =IF(R49="DOWN",S49-(S49*U49/100),S49+(S49*U49/100)) -> #REF! | Z49: =IF(R49="DOWN",IF(Y49 < S49 * (1 - 0.01), Y49 * (1 + 0.005), ""),IF(Y49 > S49 * (1 + 0.01), Y49 * (1 - 0.005), "")) -> #REF! | AB49: =(($B$1) *(T49))/100 -> #REF! | AG49: =IF(R49="DOWN",(S49-AA49)/S49*1000,(AA49-S49)/S49*1000) -> #REF! | AH49: =AB49*(AG49) -> #REF! | AI49: =IF(AK49<V49,"MANTENER","CERRAR") -> #REF!
A50: 45923 | B50: 0.625 | C50: USDCAD | D50: =IF(COUNTIF(#REF!,"<>NAN")=0, 0, IF(AND(OR(#REF!=#REF!,#REF!="NAN"), OR(#REF!=#REF!,#REF!="NAN"), OR(#REF!=#REF!,#REF!="NAN")),#REF!, 0)) -> #REF! | E50: =IF(#REF!="NAN","",IF( AND(OR(#REF!=#REF!,#REF!="NAN"), OR(#REF!=#REF!,#REF!="NAN"), OR(#REF!=#REF!,#REF!="NAN")), 1, 0)) -> #REF! | G50: =IF(OR(#REF!="UP",#REF!="DOWN"),1,0) -> #REF! | H50: =IF(OR(#REF!="UP",#REF!="DOWN"),1,0) -> #REF! | I50: =IF(OR(#REF!="UP",#REF!="DOWN"),1,0) -> #REF! | M50: =IF(OR(#REF!="UP",#REF!="DOWN"),1,1) -> #REF! | N50: =IF(OR(#REF!="UP",#REF!="DOWN"),VLOOKUP($C50,Configuración!$H$2:$K$11,3),1) -> #REF! | O50: =IF(OR(#REF!="UP",#REF!="DOWN"),VLOOKUP($C50,Configuración!$H$2:$K$11,4),1) -> #REF! | P50: =IF(SUM(G50:I50)=0, 0, IF(SUM(G50:I50)=1, G50*M50 + H50*N50 + I50*O50, IF(SUM(G50:I50)=2, 1 - PRODUCT( IF(G50=1,1-M50,1), IF(H50=1,1-N50,1), IF(I50=1,1-O50,1) ), IF(SUM(G50:I50)=3, 1 - PRODUCT(1-M50,1-N50,1-O50), 0 ) ) ) ) -> #REF! | Q50: =P50*E50 -> #REF! | R50: =IF(AND(OR(D50="UP",D50="DOWN"), Q50>0.95), D50, 0) -> #REF! | T50: =IF(R50<>0,Configuración!$E$2,0) -> #REF! | U50: =IF(R50<>0,Configuración!$F$2,0) -> #REF! | V50: =IF(R50<>0,Configuración!$G$2,0) -> #REF! | W50: =IF(R50="DOWN",S50+(S50*T50/100),S50-(S50*T50/100)) -> #REF! | X50: =IF(R50="DOWN",S50-(S50*U50/100),S50+(S50*U50/100)) -> #REF! | Z50: =IF(R50="DOWN",IF(Y50 < S50 * (1 - 0.01), Y50 * (1 + 0.005), ""),IF(Y50 > S50 * (1 + 0.01), Y50 * (1 - 0.005), "")) -> #REF! | AB50: =(($B$1) *(T50))/100 -> #REF! | AG50: =IF(R50="DOWN",(S50-AA50)/S50*1000,(AA50-S50)/S50*1000) -> #REF! | AH50: =AB50*(AG50) -> #REF! | AI50: =IF(AK50<V50,"MANTENER","CERRAR") -> #REF!
A51: 45923 | B51: 0.625 | C51: USDCHF | D51: =IF(COUNTIF(#REF!,"<>NAN")=0, 0, IF(AND(OR(#REF!=#REF!,#REF!="NAN"), OR(#REF!=#REF!,#REF!="NAN"), OR(#REF!=#REF!,#REF!="NAN")),#REF!, 0)) -> #REF! | E51: =IF(#REF!="NAN","",IF( AND(OR(#REF!=#REF!,#REF!="NAN"), OR(#REF!=#REF!,#REF!="NAN"), OR(#REF!=#REF!,#REF!="NAN")), 1, 0)) -> #REF! | G51: =IF(OR(#REF!="UP",#REF!="DOWN"),1,0) -> #REF! | H51: =IF(OR(#REF!="UP",#REF!="DOWN"),1,0) -> #REF! | I51: =IF(OR(#REF!="UP",#REF!="DOWN"),1,0) -> #REF! | M51: =IF(OR(#REF!="UP",#REF!="DOWN"),1,1) -> #REF! | N51: =IF(OR(#REF!="UP",#REF!="DOWN"),VLOOKUP($C51,Configuración!$H$2:$K$11,3),1) -> #REF! | O51: =IF(OR(#REF!="UP",#REF!="DOWN"),VLOOKUP($C51,Configuración!$H$2:$K$11,4),1) -> #REF! | P51: =IF(SUM(G51:I51)=0, 0, IF(SUM(G51:I51)=1, G51*M51 + H51*N51 + I51*O51, IF(SUM(G51:I51)=2, 1 - PRODUCT( IF(G51=1,1-M51,1), IF(H51=1,1-N51,1), IF(I51=1,1-O51,1) ), IF(SUM(G51:I51)=3, 1 - PRODUCT(1-M51,1-N51,1-O51), 0 ) ) ) ) -> #REF! | Q51: =P51*E51 -> #REF! | R51: DOWN | S51: 0.78961 | T51: =IF(R51<>0,Configuración!$E$2,0) -> 1 | U51: =IF(R51<>0,Configuración!$F$2,0) -> 2 | V51: =IF(R51<>0,Configuración!$G$2,0) -> 5 | W51: =IF(R51="DOWN",S51+(S51*T51/100),S51-(S51*T51/100)) -> 0.7975061 | X51: =IF(R51="DOWN",S51-(S51*U51/100),S51+(S51*U51/100)) -> 0.7738178 | Y51: 0.79289 | Z51: =IF(R51="DOWN",IF(Y51 < S51 * (1 - 0.01), Y51 * (1 + 0.005), ""),IF(Y51 > S51 * (1 + 0.01), Y51 * (1 - 0.005), "")) | AB51: =(($B$1) *(T51))/100 -> 0.7204 | AG51: =IF(R51="DOWN",(S51-AA51)/S51*1000,(AA51-S51)/S51*1000) -> 1000 | AH51: =AB51*(AG51) -> 720.4 | AI51: =IF(AK51<V51,"MANTENER","CERRAR") -> MANTENER | AK51: 4
A52: 45923 | B52: 0.625 | C52: USDJPY | D52: =IF(COUNTIF(#REF!,"<>NAN")=0, 0, IF(AND(OR(#REF!=#REF!,#REF!="NAN"), OR(#REF!=#REF!,#REF!="NAN"), OR(#REF!=#REF!,#REF!="NAN")),#REF!, 0)) -> #REF! | E52: =IF(#REF!="NAN","",IF( AND(OR(#REF!=#REF!,#REF!="NAN"), OR(#REF!=#REF!,#REF!="NAN"), OR(#REF!=#REF!,#REF!="NAN")), 1, 0)) -> #REF! | G52: =IF(OR(#REF!="UP",#REF!="DOWN"),1,0) -> #REF! | H52: =IF(OR(#REF!="UP",#REF!="DOWN"),1,0) -> #REF! | I52: =IF(OR(#REF!="UP",#REF!="DOWN"),1,0) -> #REF! | M52: =IF(OR(#REF!="UP",#REF!="DOWN"),1,1) -> #REF! | N52: =IF(OR(#REF!="UP",#REF!="DOWN"),VLOOKUP($C52,Configuración!$H$2:$K$11,3),1) -> #REF! | O52: =IF(OR(#REF!="UP",#REF!="DOWN"),VLOOKUP($C52,Configuración!$H$2:$K$11,4),1) -> #REF! | P52: =IF(SUM(G52:I52)=0, 0, IF(SUM(G52:I52)=1, G52*M52 + H52*N52 + I52*O52, IF(SUM(G52:I52)=2, 1 - PRODUCT( IF(G52=1,1-M52,1), IF(H52=1,1-N52,1), IF(I52=1,1-O52,1) ), IF(SUM(G52:I52)=3, 1 - PRODUCT(1-M52,1-N52,1-O52), 0 ) ) ) ) -> #REF! | Q52: =P52*E52 -> #REF! | R52: =IF(AND(OR(D52="UP",D52="DOWN"), Q52>0.95), D52, 0) -> #REF! | T52: =IF(R52<>0,Configuración!$E$2,0) -> #REF! | U52: =IF(R52<>0,Configuración!$F$2,0) -> #REF! | V52: =IF(R52<>0,Configuración!$G$2,0) -> #REF! | W52: =IF(R52="DOWN",S52+(S52*T52/100),S52-(S52*T52/100)) -> #REF! | X52: =IF(R52="DOWN",S52-(S52*U52/100),S52+(S52*U52/100)) -> #REF! | Z52: =IF(R52="DOWN",IF(Y52 < S52 * (1 - 0.01), Y52 * (1 + 0.005), ""),IF(Y52 > S52 * (1 + 0.01), Y52 * (1 - 0.005), "")) -> #REF! | AB52: =(($B$1) *(T52))/100 -> #REF! | AG52: =IF(R52="DOWN",(S52-AA52)/S52*1000,(AA52-S52)/S52*1000) -> #REF! | AH52: =AB52*(AG52) -> #REF! | AI52: =IF(AK52<V52,"MANTENER","CERRAR") -> #REF!
A53: 45924 | B53: 0.625 | C53: AUDCAD | D53: =IF(COUNTIF(#REF!,"<>NAN")=0, 0, IF(AND(OR(#REF!=#REF!,#REF!="NAN"), OR(#REF!=#REF!,#REF!="NAN"), OR(#REF!=#REF!,#REF!="NAN")),#REF!, 0)) -> #REF! | E53: =IF(#REF!="NAN","",IF( AND(OR(#REF!=#REF!,#REF!="NAN"), OR(#REF!=#REF!,#REF!="NAN"), OR(#REF!=#REF!,#REF!="NAN")), 1, 0)) -> #REF! | G53: =IF(OR(#REF!="UP",#REF!="DOWN"),1,0) -> #REF! | H53: =IF(OR(#REF!="UP",#REF!="DOWN"),1,0) -> #REF! | I53: =IF(OR(#REF!="UP",#REF!="DOWN"),1,0) -> #REF! | M53: =IF(OR(#REF!="UP",#REF!="DOWN"),1,1) -> #REF! | N53: =IF(OR(#REF!="UP",#REF!="DOWN"),VLOOKUP($C53,Configuración!$H$2:$K$11,3),1) -> #REF! | O53: =IF(OR(#REF!="UP",#REF!="DOWN"),VLOOKUP($C53,Configuración!$H$2:$K$11,4),1) -> #REF! | P53: =IF(SUM(G53:I53)=0, 0, IF(SUM(G53:I53)=1, G53*M53 + H53*N53 + I53*O53, IF(SUM(G53:I53)=2, 1 - PRODUCT( IF(G53=1,1-M53,1), IF(H53=1,1-N53,1), IF(I53=1,1-O53,1) ), IF(SUM(G53:I53)=3, 1 - PRODUCT(1-M53,1-N53,1-O53), 0 ) ) ) ) -> #REF! | Q53: =P53*E53 -> #REF! | R53: =IF(AND(OR(D53="UP",D53="DOWN"), Q53>0.95), D53, 0) -> #REF! | T53: =IF(R53<>0,Configuración!$E$2,0) -> #REF! | U53: =IF(R53<>0,Configuración!$F$2,0) -> #REF! | V53: =IF(R53<>0,Configuración!$G$2,0) -> #REF! | W53: =IF(R53="DOWN",S53+(S53*T53/100),S53-(S53*T53/100)) -> #REF! | X53: =IF(R53="DOWN",S53-(S53*U53/100),S53+(S53*U53/100)) -> #REF! | Z53: =IF(R53="DOWN",IF(Y53 < S53 * (1 - 0.01), Y53 * (1 + 0.005), ""),IF(Y53 > S53 * (1 + 0.01), Y53 * (1 - 0.005), "")) -> #REF! | AB53: =(($B$1) *(T53))/100 -> #REF! | AG53: =IF(R53="DOWN",(S53-AA53)/S53*1000,(AA53-S53)/S53*1000) -> #REF! | AH53: =AB53*(AG53) -> #REF! | AI53: =IF(AK53<V53,"MANTENER","CERRAR") -> #REF!
A54: 45924 | B54: 0.625 | C54: AUDUSD | D54: =IF(COUNTIF(#REF!,"<>NAN")=0, 0, IF(AND(OR(#REF!=#REF!,#REF!="NAN"), OR(#REF!=#REF!,#REF!="NAN"), OR(#REF!=#REF!,#REF!="NAN")),#REF!, 0)) -> #REF! | E54: =IF(#REF!="NAN","",IF( AND(OR(#REF!=#REF!,#REF!="NAN"), OR(#REF!=#REF!,#REF!="NAN"), OR(#REF!=#REF!,#REF!="NAN")), 1, 0)) -> #REF! | G54: =IF(OR(#REF!="UP",#REF!="DOWN"),1,0) -> #REF! | H54: =IF(OR(#REF!="UP",#REF!="DOWN"),1,0) -> #REF! | I54: =IF(OR(#REF!="UP",#REF!="DOWN"),1,0) -> #REF! | M54: =IF(OR(#REF!="UP",#REF!="DOWN"),1,1) -> #REF! | N54: =IF(OR(#REF!="UP",#REF!="DOWN"),VLOOKUP($C54,Configuración!$H$2:$K$11,3),1) -> #REF! | O54: =IF(OR(#REF!="UP",#REF!="DOWN"),VLOOKUP($C54,Configuración!$H$2:$K$11,4),1) -> #REF! | P54: =IF(SUM(G54:I54)=0, 0, IF(SUM(G54:I54)=1, G54*M54 + H54*N54 + I54*O54, IF(SUM(G54:I54)=2, 1 - PRODUCT( IF(G54=1,1-M54,1), IF(H54=1,1-N54,1), IF(I54=1,1-O54,1) ), IF(SUM(G54:I54)=3, 1 - PRODUCT(1-M54,1-N54,1-O54), 0 ) ) ) ) -> #REF! | Q54: =P54*E54 -> #REF! | R54: =IF(AND(OR(D54="UP",D54="DOWN"), Q54>0.95), D54, 0) -> #REF! | T54: =IF(R54<>0,Configuración!$E$2,0) -> #REF! | U54: =IF(R54<>0,Configuración!$F$2,0) -> #REF! | V54: =IF(R54<>0,Configuración!$G$2,0) -> #REF! | W54: =IF(R54="DOWN",S54+(S54*T54/100),S54-(S54*T54/100)) -> #REF! | X54: =IF(R54="DOWN",S54-(S54*U54/100),S54+(S54*U54/100)) -> #REF! | Z54: =IF(R54="DOWN",IF(Y54 < S54 * (1 - 0.01), Y54 * (1 + 0.005), ""),IF(Y54 > S54 * (1 + 0.01), Y54 * (1 - 0.005), "")) -> #REF! | AB54: =(($B$1) *(T54))/100 -> #REF! | AG54: =IF(R54="DOWN",(S54-AA54)/S54*1000,(AA54-S54)/S54*1000) -> #REF! | AH54: =AB54*(AG54) -> #REF! | AI54: =IF(AK54<V54,"MANTENER","CERRAR") -> #REF!
A55: 45924 | B55: 0.625 | C55: CADCHF | D55: =IF(COUNTIF(#REF!,"<>NAN")=0, 0, IF(AND(OR(#REF!=#REF!,#REF!="NAN"), OR(#REF!=#REF!,#REF!="NAN"), OR(#REF!=#REF!,#REF!="NAN")),#REF!, 0)) -> #REF! | E55: =IF(#REF!="NAN","",IF( AND(OR(#REF!=#REF!,#REF!="NAN"), OR(#REF!=#REF!,#REF!="NAN"), OR(#REF!=#REF!,#REF!="NAN")), 1, 0)) -> #REF! | G55: =IF(OR(#REF!="UP",#REF!="DOWN"),1,0) -> #REF! | H55: =IF(OR(#REF!="UP",#REF!="DOWN"),1,0) -> #REF! | I55: =IF(OR(#REF!="UP",#REF!="DOWN"),1,0) -> #REF! | M55: =IF(OR(#REF!="UP",#REF!="DOWN"),1,1) -> #REF! | N55: =IF(OR(#REF!="UP",#REF!="DOWN"),VLOOKUP($C55,Configuración!$H$2:$K$11,3),1) -> #REF! | O55: =IF(OR(#REF!="UP",#REF!="DOWN"),VLOOKUP($C55,Configuración!$H$2:$K$11,4),1) -> #REF! | P55: =IF(SUM(G55:I55)=0, 0, IF(SUM(G55:I55)=1, G55*M55 + H55*N55 + I55*O55, IF(SUM(G55:I55)=2, 1 - PRODUCT( IF(G55=1,1-M55,1), IF(H55=1,1-N55,1), IF(I55=1,1-O55,1) ), IF(SUM(G55:I55)=3, 1 - PRODUCT(1-M55,1-N55,1-O55), 0 ) ) ) ) -> #REF! | Q55: =P55*E55 -> #REF! | R55: =IF(AND(OR(D55="UP",D55="DOWN"), Q55>0.95), D55, 0) -> #REF! | T55: =IF(R55<>0,Configuración!$E$2,0) -> #REF! | U55: =IF(R55<>0,Configuración!$F$2,0) -> #REF! | V55: =IF(R55<>0,Configuración!$G$2,0) -> #REF! | W55: =IF(R55="DOWN",S55+(S55*T55/100),S55-(S55*T55/100)) -> #REF! | X55: =IF(R55="DOWN",S55-(S55*U55/100),S55+(S55*U55/100)) -> #REF! | Z55: =IF(R55="DOWN",IF(Y55 < S55 * (1 - 0.01), Y55 * (1 + 0.005), ""),IF(Y55 > S55 * (1 + 0.01), Y55 * (1 - 0.005), "")) -> #REF! | AB55: =(($B$1) *(T55))/100 -> #REF! | AG55: =IF(R55="DOWN",(S55-AA55)/S55*1000,(AA55-S55)/S55*1000) -> #REF! | AH55: =AB55*(AG55) -> #REF! | AI55: =IF(AK55<V55,"MANTENER","CERRAR") -> #REF!
A56: 45924 | B56: 0.625 | C56: CHFJPY | D56: =IF(COUNTIF(#REF!,"<>NAN")=0, 0, IF(AND(OR(#REF!=#REF!,#REF!="NAN"), OR(#REF!=#REF!,#REF!="NAN"), OR(#REF!=#REF!,#REF!="NAN")),#REF!, 0)) -> #REF! | E56: =IF(#REF!="NAN","",IF( AND(OR(#REF!=#REF!,#REF!="NAN"), OR(#REF!=#REF!,#REF!="NAN"), OR(#REF!=#REF!,#REF!="NAN")), 1, 0)) -> #REF! | G56: =IF(OR(#REF!="UP",#REF!="DOWN"),1,0) -> #REF! | H56: =IF(OR(#REF!="UP",#REF!="DOWN"),1,0) -> #REF! | I56: =IF(OR(#REF!="UP",#REF!="DOWN"),1,0) -> #REF! | M56: =IF(OR(#REF!="UP",#REF!="DOWN"),1,1) -> #REF! | N56: =IF(OR(#REF!="UP",#REF!="DOWN"),VLOOKUP($C56,Configuración!$H$2:$K$11,3),1) -> #REF! | O56: =IF(OR(#REF!="UP",#REF!="DOWN"),VLOOKUP($C56,Configuración!$H$2:$K$11,4),1) -> #REF! | P56: =IF(SUM(G56:I56)=0, 0, IF(SUM(G56:I56)=1, G56*M56 + H56*N56 + I56*O56, IF(SUM(G56:I56)=2, 1 - PRODUCT( IF(G56=1,1-M56,1), IF(H56=1,1-N56,1), IF(I56=1,1-O56,1) ), IF(SUM(G56:I56)=3, 1 - PRODUCT(1-M56,1-N56,1-O56), 0 ) ) ) ) -> #REF! | Q56: =P56*E56 -> #REF! | R56: =IF(AND(OR(D56="UP",D56="DOWN"), Q56>0.95), D56, 0) -> #REF! | T56: =IF(R56<>0,Configuración!$E$2,0) -> #REF! | U56: =IF(R56<>0,Configuración!$F$2,0) -> #REF! | V56: =IF(R56<>0,Configuración!$G$2,0) -> #REF! | W56: =IF(R56="DOWN",S56+(S56*T56/100),S56-(S56*T56/100)) -> #REF! | X56: =IF(R56="DOWN",S56-(S56*U56/100),S56+(S56*U56/100)) -> #REF! | Z56: =IF(R56="DOWN",IF(Y56 < S56 * (1 - 0.01), Y56 * (1 + 0.005), ""),IF(Y56 > S56 * (1 + 0.01), Y56 * (1 - 0.005), "")) -> #REF! | AB56: =(($B$1) *(T56))/100 -> #REF! | AG56: =IF(R56="DOWN",(S56-AA56)/S56*1000,(AA56-S56)/S56*1000) -> #REF! | AH56: =AB56*(AG56) -> #REF! | AI56: =IF(AK56<V56,"MANTENER","CERRAR") -> #REF!
A57: 45924 | B57: 0.625 | C57: EURAUD | D57: =IF(COUNTIF(#REF!,"<>NAN")=0, 0, IF(AND(OR(#REF!=#REF!,#REF!="NAN"), OR(#REF!=#REF!,#REF!="NAN"), OR(#REF!=#REF!,#REF!="NAN")),#REF!, 0)) -> #REF! | E57: =IF(#REF!="NAN","",IF( AND(OR(#REF!=#REF!,#REF!="NAN"), OR(#REF!=#REF!,#REF!="NAN"), OR(#REF!=#REF!,#REF!="NAN")), 1, 0)) -> #REF! | G57: =IF(OR(#REF!="UP",#REF!="DOWN"),1,0) -> #REF! | H57: =IF(OR(#REF!="UP",#REF!="DOWN"),1,0) -> #REF! | I57: =IF(OR(#REF!="UP",#REF!="DOWN"),1,0) -> #REF! | M57: =IF(OR(#REF!="UP",#REF!="DOWN"),1,1) -> #REF! | N57: =IF(OR(#REF!="UP",#REF!="DOWN"),VLOOKUP($C57,Configuración!$H$2:$K$11,3),1) -> #REF! | O57: =IF(OR(#REF!="UP",#REF!="DOWN"),VLOOKUP($C57,Configuración!$H$2:$K$11,4),1) -> #REF! | P57: =IF(SUM(G57:I57)=0, 0, IF(SUM(G57:I57)=1, G57*M57 + H57*N57 + I57*O57, IF(SUM(G57:I57)=2, 1 - PRODUCT( IF(G57=1,1-M57,1), IF(H57=1,1-N57,1), IF(I57=1,1-O57,1) ), IF(SUM(G57:I57)=3, 1 - PRODUCT(1-M57,1-N57,1-O57), 0 ) ) ) ) -> #REF! | Q57: =P57*E57 -> #REF! | R57: =IF(AND(OR(D57="UP",D57="DOWN"), Q57>0.95), D57, 0) -> #REF! | T57: =IF(R57<>0,Configuración!$E$2,0) -> #REF! | U57: =IF(R57<>0,Configuración!$F$2,0) -> #REF! | V57: =IF(R57<>0,Configuración!$G$2,0) -> #REF! | W57: =IF(R57="DOWN",S57+(S57*T57/100),S57-(S57*T57/100)) -> #REF! | X57: =IF(R57="DOWN",S57-(S57*U57/100),S57+(S57*U57/100)) -> #REF! | Z57: =IF(R57="DOWN",IF(Y57 < S57 * (1 - 0.01), Y57 * (1 + 0.005), ""),IF(Y57 > S57 * (1 + 0.01), Y57 * (1 - 0.005), "")) -> #REF! | AB57: =(($B$1) *(T57))/100 -> #REF! | AG57: =IF(R57="DOWN",(S57-AA57)/S57*1000,(AA57-S57)/S57*1000) -> #REF! | AH57: =AB57*(AG57) -> #REF! | AI57: =IF(AK57<V57,"MANTENER","CERRAR") -> #REF!
A58: 45924 | B58: 0.625 | C58: EURUSD | D58: =IF(COUNTIF(#REF!,"<>NAN")=0, 0, IF(AND(OR(#REF!=#REF!,#REF!="NAN"), OR(#REF!=#REF!,#REF!="NAN"), OR(#REF!=#REF!,#REF!="NAN")),#REF!, 0)) -> #REF! | E58: =IF(#REF!="NAN","",IF( AND(OR(#REF!=#REF!,#REF!="NAN"), OR(#REF!=#REF!,#REF!="NAN"), OR(#REF!=#REF!,#REF!="NAN")), 1, 0)) -> #REF! | G58: =IF(OR(#REF!="UP",#REF!="DOWN"),1,0) -> #REF! | H58: =IF(OR(#REF!="UP",#REF!="DOWN"),1,0) -> #REF! | I58: =IF(OR(#REF!="UP",#REF!="DOWN"),1,0) -> #REF! | M58: =IF(OR(#REF!="UP",#REF!="DOWN"),1,1) -> #REF! | N58: =IF(OR(#REF!="UP",#REF!="DOWN"),VLOOKUP($C58,Configuración!$H$2:$K$11,3),1) -> #REF! | O58: =IF(OR(#REF!="UP",#REF!="DOWN"),VLOOKUP($C58,Configuración!$H$2:$K$11,4),1) -> #REF! | P58: =IF(SUM(G58:I58)=0, 0, IF(SUM(G58:I58)=1, G58*M58 + H58*N58 + I58*O58, IF(SUM(G58:I58)=2, 1 - PRODUCT( IF(G58=1,1-M58,1), IF(H58=1,1-N58,1), IF(I58=1,1-O58,1) ), IF(SUM(G58:I58)=3, 1 - PRODUCT(1-M58,1-N58,1-O58), 0 ) ) ) ) -> #REF! | Q58: =P58*E58 -> #REF! | R58: =IF(AND(OR(D58="UP",D58="DOWN"), Q58>0.95), D58, 0) -> #REF! | T58: =IF(R58<>0,Configuración!$E$2,0) -> #REF! | U58: =IF(R58<>0,Configuración!$F$2,0) -> #REF! | V58: =IF(R58<>0,Configuración!$G$2,0) -> #REF! | W58: =IF(R58="DOWN",S58+(S58*T58/100),S58-(S58*T58/100)) -> #REF! | X58: =IF(R58="DOWN",S58-(S58*U58/100),S58+(S58*U58/100)) -> #REF! | Z58: =IF(R58="DOWN",IF(Y58 < S58 * (1 - 0.01), Y58 * (1 + 0.005), ""),IF(Y58 > S58 * (1 + 0.01), Y58 * (1 - 0.005), "")) -> #REF! | AB58: =(($B$1) *(T58))/100 -> #REF! | AG58: =IF(R58="DOWN",(S58-AA58)/S58*1000,(AA58-S58)/S58*1000) -> #REF! | AH58: =AB58*(AG58) -> #REF! | AI58: =IF(AK58<V58,"MANTENER","CERRAR") -> #REF!
A59: 45924 | B59: 0.625 | C59: USDCAD | D59: =IF(COUNTIF(#REF!,"<>NAN")=0, 0, IF(AND(OR(#REF!=#REF!,#REF!="NAN"), OR(#REF!=#REF!,#REF!="NAN"), OR(#REF!=#REF!,#REF!="NAN")),#REF!, 0)) -> #REF! | E59: =IF(#REF!="NAN","",IF( AND(OR(#REF!=#REF!,#REF!="NAN"), OR(#REF!=#REF!,#REF!="NAN"), OR(#REF!=#REF!,#REF!="NAN")), 1, 0)) -> #REF! | G59: =IF(OR(#REF!="UP",#REF!="DOWN"),1,0) -> #REF! | H59: =IF(OR(#REF!="UP",#REF!="DOWN"),1,0) -> #REF! | I59: =IF(OR(#REF!="UP",#REF!="DOWN"),1,0) -> #REF! | M59: =IF(OR(#REF!="UP",#REF!="DOWN"),1,1) -> #REF! | N59: =IF(OR(#REF!="UP",#REF!="DOWN"),VLOOKUP($C59,Configuración!$H$2:$K$11,3),1) -> #REF! | O59: =IF(OR(#REF!="UP",#REF!="DOWN"),VLOOKUP($C59,Configuración!$H$2:$K$11,4),1) -> #REF! | P59: =IF(SUM(G59:I59)=0, 0, IF(SUM(G59:I59)=1, G59*M59 + H59*N59 + I59*O59, IF(SUM(G59:I59)=2, 1 - PRODUCT( IF(G59=1,1-M59,1), IF(H59=1,1-N59,1), IF(I59=1,1-O59,1) ), IF(SUM(G59:I59)=3, 1 - PRODUCT(1-M59,1-N59,1-O59), 0 ) ) ) ) -> #REF! | Q59: =P59*E59 -> #REF! | R59: =IF(AND(OR(D59="UP",D59="DOWN"), Q59>0.95), D59, 0) -> #REF! | T59: =IF(R59<>0,Configuración!$E$2,0) -> #REF! | U59: =IF(R59<>0,Configuración!$F$2,0) -> #REF! | V59: =IF(R59<>0,Configuración!$G$2,0) -> #REF! | W59: =IF(R59="DOWN",S59+(S59*T59/100),S59-(S59*T59/100)) -> #REF! | X59: =IF(R59="DOWN",S59-(S59*U59/100),S59+(S59*U59/100)) -> #REF! | Z59: =IF(R59="DOWN",IF(Y59 < S59 * (1 - 0.01), Y59 * (1 + 0.005), ""),IF(Y59 > S59 * (1 + 0.01), Y59 * (1 - 0.005), "")) -> #REF! | AB59: =(($B$1) *(T59))/100 -> #REF! | AG59: =IF(R59="DOWN",(S59-AA59)/S59*1000,(AA59-S59)/S59*1000) -> #REF! | AH59: =AB59*(AG59) -> #REF! | AI59: =IF(AK59<V59,"MANTENER","CERRAR") -> #REF!
A60: 45924 | B60: 0.625 | C60: GBPUSD | D60: =IF(COUNTIF(#REF!,"<>NAN")=0, 0, IF(AND(OR(#REF!=#REF!,#REF!="NAN"), OR(#REF!=#REF!,#REF!="NAN"), OR(#REF!=#REF!,#REF!="NAN")),#REF!, 0)) -> #REF! | E60: =IF(#REF!="NAN","",IF( AND(OR(#REF!=#REF!,#REF!="NAN"), OR(#REF!=#REF!,#REF!="NAN"), OR(#REF!=#REF!,#REF!="NAN")), 1, 0)) -> #REF! | G60: =IF(OR(#REF!="UP",#REF!="DOWN"),1,0) -> #REF! | H60: =IF(OR(#REF!="UP",#REF!="DOWN"),1,0) -> #REF! | I60: =IF(OR(#REF!="UP",#REF!="DOWN"),1,0) -> #REF! | M60: =IF(OR(#REF!="UP",#REF!="DOWN"),1,1) -> #REF! | N60: =IF(OR(#REF!="UP",#REF!="DOWN"),VLOOKUP($C60,Configuración!$H$2:$K$11,3),1) -> #REF! | O60: =IF(OR(#REF!="UP",#REF!="DOWN"),VLOOKUP($C60,Configuración!$H$2:$K$11,4),1) -> #REF! | P60: =IF(SUM(G60:I60)=0, 0, IF(SUM(G60:I60)=1, G60*M60 + H60*N60 + I60*O60, IF(SUM(G60:I60)=2, 1 - PRODUCT( IF(G60=1,1-M60,1), IF(H60=1,1-N60,1), IF(I60=1,1-O60,1) ), IF(SUM(G60:I60)=3, 1 - PRODUCT(1-M60,1-N60,1-O60), 0 ) ) ) ) -> #REF! | Q60: =P60*E60 -> #REF! | R60: =IF(AND(OR(D60="UP",D60="DOWN"), Q60>0.95), D60, 0) -> #REF! | T60: =IF(R60<>0,Configuración!$E$2,0) -> #REF! | U60: =IF(R60<>0,Configuración!$F$2,0) -> #REF! | V60: =IF(R60<>0,Configuración!$G$2,0) -> #REF! | W60: =IF(R60="DOWN",S60+(S60*T60/100),S60-(S60*T60/100)) -> #REF! | X60: =IF(R60="DOWN",S60-(S60*U60/100),S60+(S60*U60/100)) -> #REF! | Z60: =IF(R60="DOWN",IF(Y60 < S60 * (1 - 0.01), Y60 * (1 + 0.005), ""),IF(Y60 > S60 * (1 + 0.01), Y60 * (1 - 0.005), "")) -> #REF! | AB60: =(($B$1) *(T60))/100 -> #REF! | AG60: =IF(R60="DOWN",(S60-AA60)/S60*1000,(AA60-S60)/S60*1000) -> #REF! | AH60: =AB60*(AG60) -> #REF! | AI60: =IF(AK60<V60,"MANTENER","CERRAR") -> #REF!
A61: 45924 | B61: 0.625 | C61: USDCAD | D61: =IF(COUNTIF(#REF!,"<>NAN")=0, 0, IF(AND(OR(#REF!=#REF!,#REF!="NAN"), OR(#REF!=#REF!,#REF!="NAN"), OR(#REF!=#REF!,#REF!="NAN")),#REF!, 0)) -> #REF! | E61: =IF(#REF!="NAN","",IF( AND(OR(#REF!=#REF!,#REF!="NAN"), OR(#REF!=#REF!,#REF!="NAN"), OR(#REF!=#REF!,#REF!="NAN")), 1, 0)) -> #REF! | G61: =IF(OR(#REF!="UP",#REF!="DOWN"),1,0) -> #REF! | H61: =IF(OR(#REF!="UP",#REF!="DOWN"),1,0) -> #REF! | I61: =IF(OR(#REF!="UP",#REF!="DOWN"),1,0) -> #REF! | M61: =IF(OR(#REF!="UP",#REF!="DOWN"),1,1) -> #REF! | N61: =IF(OR(#REF!="UP",#REF!="DOWN"),VLOOKUP($C61,Configuración!$H$2:$K$11,3),1) -> #REF! | O61: =IF(OR(#REF!="UP",#REF!="DOWN"),VLOOKUP($C61,Configuración!$H$2:$K$11,4),1) -> #REF! | P61: =IF(SUM(G61:I61)=0, 0, IF(SUM(G61:I61)=1, G61*M61 + H61*N61 + I61*O61, IF(SUM(G61:I61)=2, 1 - PRODUCT( IF(G61=1,1-M61,1), IF(H61=1,1-N61,1), IF(I61=1,1-O61,1) ), IF(SUM(G61:I61)=3, 1 - PRODUCT(1-M61,1-N61,1-O61), 0 ) ) ) ) -> #REF! | Q61: =P61*E61 -> #REF! | R61: =IF(AND(OR(D61="UP",D61="DOWN"), Q61>0.95), D61, 0) -> #REF! | T61: =IF(R61<>0,Configuración!$E$2,0) -> #REF! | U61: =IF(R61<>0,Configuración!$F$2,0) -> #REF! | V61: =IF(R61<>0,Configuración!$G$2,0) -> #REF! | W61: =IF(R61="DOWN",S61+(S61*T61/100),S61-(S61*T61/100)) -> #REF! | X61: =IF(R61="DOWN",S61-(S61*U61/100),S61+(S61*U61/100)) -> #REF! | Z61: =IF(R61="DOWN",IF(Y61 < S61 * (1 - 0.01), Y61 * (1 + 0.005), ""),IF(Y61 > S61 * (1 + 0.01), Y61 * (1 - 0.005), "")) -> #REF! | AB61: =(($B$1) *(T61))/100 -> #REF! | AG61: =IF(R61="DOWN",(S61-AA61)/S61*1000,(AA61-S61)/S61*1000) -> #REF! | AH61: =AB61*(AG61) -> #REF! | AI61: =IF(AK61<V61,"MANTENER","CERRAR") -> #REF!
A62: 45924 | B62: 0.625 | C62: USDCHF | D62: =IF(COUNTIF(#REF!,"<>NAN")=0, 0, IF(AND(OR(#REF!=#REF!,#REF!="NAN"), OR(#REF!=#REF!,#REF!="NAN"), OR(#REF!=#REF!,#REF!="NAN")),#REF!, 0)) -> #REF! | E62: =IF(#REF!="NAN","",IF( AND(OR(#REF!=#REF!,#REF!="NAN"), OR(#REF!=#REF!,#REF!="NAN"), OR(#REF!=#REF!,#REF!="NAN")), 1, 0)) -> #REF! | G62: =IF(OR(#REF!="UP",#REF!="DOWN"),1,0) -> #REF! | H62: =IF(OR(#REF!="UP",#REF!="DOWN"),1,0) -> #REF! | I62: =IF(OR(#REF!="UP",#REF!="DOWN"),1,0) -> #REF! | M62: =IF(OR(#REF!="UP",#REF!="DOWN"),1,1) -> #REF! | N62: =IF(OR(#REF!="UP",#REF!="DOWN"),VLOOKUP($C62,Configuración!$H$2:$K$11,3),1) -> #REF! | O62: =IF(OR(#REF!="UP",#REF!="DOWN"),VLOOKUP($C62,Configuración!$H$2:$K$11,4),1) -> #REF! | P62: =IF(SUM(G62:I62)=0, 0, IF(SUM(G62:I62)=1, G62*M62 + H62*N62 + I62*O62, IF(SUM(G62:I62)=2, 1 - PRODUCT( IF(G62=1,1-M62,1), IF(H62=1,1-N62,1), IF(I62=1,1-O62,1) ), IF(SUM(G62:I62)=3, 1 - PRODUCT(1-M62,1-N62,1-O62), 0 ) ) ) ) -> #REF! | Q62: =P62*E62 -> #REF! | R62: DOWN | S62: 0.78951 | T62: =IF(R62<>0,Configuración!$E$2,0) -> 1 | U62: =IF(R62<>0,Configuración!$F$2,0) -> 2 | V62: =IF(R62<>0,Configuración!$G$2,0) -> 5 | W62: =IF(R62="DOWN",S62+(S62*T62/100),S62-(S62*T62/100)) -> 0.7974051 | X62: =IF(R62="DOWN",S62-(S62*U62/100),S62+(S62*U62/100)) -> 0.7737198 | Y62: 0.79397 | Z62: =IF(R62="DOWN",IF(Y62 < S62 * (1 - 0.01), Y62 * (1 + 0.005), ""),IF(Y62 > S62 * (1 + 0.01), Y62 * (1 - 0.005), "")) | AB62: =(($B$1) *(T62))/100 -> 0.7204 | AG62: =IF(R62="DOWN",(S62-AA62)/S62*1000,(AA62-S62)/S62*1000) -> 1000 | AH62: =AB62*(AG62) -> 720.4 | AI62: =IF(AK62<V62,"MANTENER","CERRAR") -> CERRAR | AK62: 5
A63: 45924 | B63: 0.625 | C63: USDJPY | D63: =IF(COUNTIF(#REF!,"<>NAN")=0, 0, IF(AND(OR(#REF!=#REF!,#REF!="NAN"), OR(#REF!=#REF!,#REF!="NAN"), OR(#REF!=#REF!,#REF!="NAN")),#REF!, 0)) -> #REF! | E63: =IF(#REF!="NAN","",IF( AND(OR(#REF!=#REF!,#REF!="NAN"), OR(#REF!=#REF!,#REF!="NAN"), OR(#REF!=#REF!,#REF!="NAN")), 1, 0)) -> #REF! | G63: =IF(OR(#REF!="UP",#REF!="DOWN"),1,0) -> #REF! | H63: =IF(OR(#REF!="UP",#REF!="DOWN"),1,0) -> #REF! | I63: =IF(OR(#REF!="UP",#REF!="DOWN"),1,0) -> #REF! | M63: =IF(OR(#REF!="UP",#REF!="DOWN"),1,1) -> #REF! | N63: =IF(OR(#REF!="UP",#REF!="DOWN"),VLOOKUP($C63,Configuración!$H$2:$K$11,3),1) -> #REF! | O63: =IF(OR(#REF!="UP",#REF!="DOWN"),VLOOKUP($C63,Configuración!$H$2:$K$11,4),1) -> #REF! | P63: =IF(SUM(G63:I63)=0, 0, IF(SUM(G63:I63)=1, G63*M63 + H63*N63 + I63*O63, IF(SUM(G63:I63)=2, 1 - PRODUCT( IF(G63=1,1-M63,1), IF(H63=1,1-N63,1), IF(I63=1,1-O63,1) ), IF(SUM(G63:I63)=3, 1 - PRODUCT(1-M63,1-N63,1-O63), 0 ) ) ) ) -> #REF! | Q63: =P63*E63 -> #REF! | R63: =IF(AND(OR(D63="UP",D63="DOWN"), Q63>0.95), D63, 0) -> #REF! | T63: =IF(R63<>0,Configuración!$E$2,0) -> #REF! | U63: =IF(R63<>0,Configuración!$F$2,0) -> #REF! | V63: =IF(R63<>0,Configuración!$G$2,0) -> #REF! | W63: =IF(R63="DOWN",S63+(S63*T63/100),S63-(S63*T63/100)) -> #REF! | X63: =IF(R63="DOWN",S63-(S63*U63/100),S63+(S63*U63/100)) -> #REF! | Z63: =IF(R63="DOWN",IF(Y63 < S63 * (1 - 0.01), Y63 * (1 + 0.005), ""),IF(Y63 > S63 * (1 + 0.01), Y63 * (1 - 0.005), "")) -> #REF! | AB63: =(($B$1) *(T63))/100 -> #REF! | AG63: =IF(R63="DOWN",(S63-AA63)/S63*1000,(AA63-S63)/S63*1000) -> #REF! | AH63: =AB63*(AG63) -> #REF! | AI63: =IF(AK63<V63,"MANTENER","CERRAR") -> #REF!
A64: 45925 | B64: 0.625 | C64: AUDCAD | D64: =IF(COUNTIF(#REF!,"<>NAN")=0, 0, IF(AND(OR(#REF!=#REF!,#REF!="NAN"), OR(#REF!=#REF!,#REF!="NAN"), OR(#REF!=#REF!,#REF!="NAN")),#REF!, 0)) -> #REF! | E64: =IF(#REF!="NAN","",IF( AND(OR(#REF!=#REF!,#REF!="NAN"), OR(#REF!=#REF!,#REF!="NAN"), OR(#REF!=#REF!,#REF!="NAN")), 1, 0)) -> #REF! | G64: =IF(OR(#REF!="UP",#REF!="DOWN"),1,0) -> #REF! | H64: =IF(OR(#REF!="UP",#REF!="DOWN"),1,0) -> #REF! | I64: =IF(OR(#REF!="UP",#REF!="DOWN"),1,0) -> #REF! | M64: =IF(OR(#REF!="UP",#REF!="DOWN"),1,1) -> #REF! | N64: =IF(OR(#REF!="UP",#REF!="DOWN"),VLOOKUP($C64,Configuración!$H$2:$K$11,3),1) -> #REF! | O64: =IF(OR(#REF!="UP",#REF!="DOWN"),VLOOKUP($C64,Configuración!$H$2:$K$11,4),1) -> #REF! | P64: =IF(SUM(G64:I64)=0, 0, IF(SUM(G64:I64)=1, G64*M64 + H64*N64 + I64*O64, IF(SUM(G64:I64)=2, 1 - PRODUCT( IF(G64=1,1-M64,1), IF(H64=1,1-N64,1), IF(I64=1,1-O64,1) ), IF(SUM(G64:I64)=3, 1 - PRODUCT(1-M64,1-N64,1-O64), 0 ) ) ) ) -> #REF! | Q64: =P64*E64 -> #REF! | R64: =IF(AND(OR(D64="UP",D64="DOWN"), Q64>0.95), D64, 0) -> #REF! | T64: =IF(R64<>0,Configuración!$E$2,0) -> #REF! | U64: =IF(R64<>0,Configuración!$F$2,0) -> #REF! | V64: =IF(R64<>0,Configuración!$G$2,0) -> #REF! | W64: =IF(R64="DOWN",S64+(S64*T64/100),S64-(S64*T64/100)) -> #REF! | X64: =IF(R64="DOWN",S64-(S64*U64/100),S64+(S64*U64/100)) -> #REF! | Z64: =IF(R64="DOWN",IF(Y64 < S64 * (1 - 0.01), Y64 * (1 + 0.005), ""),IF(Y64 > S64 * (1 + 0.01), Y64 * (1 - 0.005), "")) -> #REF! | AB64: =(($B$1) *(T64))/100 -> #REF! | AG64: =IF(R64="DOWN",(S64-AA64)/S64*1000,(AA64-S64)/S64*1000) -> #REF! | AH64: =AB64*(AG64) -> #REF! | AI64: =IF(AK64<V64,"MANTENER","CERRAR") -> #REF!
A65: 45925 | B65: 0.625 | C65: AUDUSD | D65: =IF(COUNTIF(#REF!,"<>NAN")=0, 0, IF(AND(OR(#REF!=#REF!,#REF!="NAN"), OR(#REF!=#REF!,#REF!="NAN"), OR(#REF!=#REF!,#REF!="NAN")),#REF!, 0)) -> #REF! | E65: =IF(#REF!="NAN","",IF( AND(OR(#REF!=#REF!,#REF!="NAN"), OR(#REF!=#REF!,#REF!="NAN"), OR(#REF!=#REF!,#REF!="NAN")), 1, 0)) -> #REF! | G65: =IF(OR(#REF!="UP",#REF!="DOWN"),1,0) -> #REF! | H65: =IF(OR(#REF!="UP",#REF!="DOWN"),1,0) -> #REF! | I65: =IF(OR(#REF!="UP",#REF!="DOWN"),1,0) -> #REF! | M65: =IF(OR(#REF!="UP",#REF!="DOWN"),1,1) -> #REF! | N65: =IF(OR(#REF!="UP",#REF!="DOWN"),VLOOKUP($C65,Configuración!$H$2:$K$11,3),1) -> #REF! | O65: =IF(OR(#REF!="UP",#REF!="DOWN"),VLOOKUP($C65,Configuración!$H$2:$K$11,4),1) -> #REF! | P65: =IF(SUM(G65:I65)=0, 0, IF(SUM(G65:I65)=1, G65*M65 + H65*N65 + I65*O65, IF(SUM(G65:I65)=2, 1 - PRODUCT( IF(G65=1,1-M65,1), IF(H65=1,1-N65,1), IF(I65=1,1-O65,1) ), IF(SUM(G65:I65)=3, 1 - PRODUCT(1-M65,1-N65,1-O65), 0 ) ) ) ) -> #REF! | Q65: =P65*E65 -> #REF! | R65: =IF(AND(OR(D65="UP",D65="DOWN"), Q65>0.95), D65, 0) -> #REF! | T65: =IF(R65<>0,Configuración!$E$2,0) -> #REF! | U65: =IF(R65<>0,Configuración!$F$2,0) -> #REF! | V65: =IF(R65<>0,Configuración!$G$2,0) -> #REF! | W65: =IF(R65="DOWN",S65+(S65*T65/100),S65-(S65*T65/100)) -> #REF! | X65: =IF(R65="DOWN",S65-(S65*U65/100),S65+(S65*U65/100)) -> #REF! | Z65: =IF(R65="DOWN",IF(Y65 < S65 * (1 - 0.01), Y65 * (1 + 0.005), ""),IF(Y65 > S65 * (1 + 0.01), Y65 * (1 - 0.005), "")) -> #REF! | AB65: =(($B$1) *(T65))/100 -> #REF! | AG65: =IF(R65="DOWN",(S65-AA65)/S65*1000,(AA65-S65)/S65*1000) -> #REF! | AH65: =AB65*(AG65) -> #REF! | AI65: =IF(AK65<V65,"MANTENER","CERRAR") -> #REF!
A66: 45925 | B66: 0.625 | C66: CADCHF | D66: =IF(COUNTIF(#REF!,"<>NAN")=0, 0, IF(AND(OR(#REF!=#REF!,#REF!="NAN"), OR(#REF!=#REF!,#REF!="NAN"), OR(#REF!=#REF!,#REF!="NAN")),#REF!, 0)) -> #REF! | E66: =IF(#REF!="NAN","",IF( AND(OR(#REF!=#REF!,#REF!="NAN"), OR(#REF!=#REF!,#REF!="NAN"), OR(#REF!=#REF!,#REF!="NAN")), 1, 0)) -> #REF! | G66: =IF(OR(#REF!="UP",#REF!="DOWN"),1,0) -> #REF! | H66: =IF(OR(#REF!="UP",#REF!="DOWN"),1,0) -> #REF! | I66: =IF(OR(#REF!="UP",#REF!="DOWN"),1,0) -> #REF! | M66: =IF(OR(#REF!="UP",#REF!="DOWN"),1,1) -> #REF! | N66: =IF(OR(#REF!="UP",#REF!="DOWN"),VLOOKUP($C66,Configuración!$H$2:$K$11,3),1) -> #REF! | O66: =IF(OR(#REF!="UP",#REF!="DOWN"),VLOOKUP($C66,Configuración!$H$2:$K$11,4),1) -> #REF! | P66: =IF(SUM(G66:I66)=0, 0, IF(SUM(G66:I66)=1, G66*M66 + H66*N66 + I66*O66, IF(SUM(G66:I66)=2, 1 - PRODUCT( IF(G66=1,1-M66,1), IF(H66=1,1-N66,1), IF(I66=1,1-O66,1) ), IF(SUM(G66:I66)=3, 1 - PRODUCT(1-M66,1-N66,1-O66), 0 ) ) ) ) -> #REF! | Q66: =P66*E66 -> #REF! | R66: =IF(AND(OR(D66="UP",D66="DOWN"), Q66>0.95), D66, 0) -> #REF! | T66: =IF(R66<>0,Configuración!$E$2,0) -> #REF! | U66: =IF(R66<>0,Configuración!$F$2,0) -> #REF! | V66: =IF(R66<>0,Configuración!$G$2,0) -> #REF! | W66: =IF(R66="DOWN",S66+(S66*T66/100),S66-(S66*T66/100)) -> #REF! | X66: =IF(R66="DOWN",S66-(S66*U66/100),S66+(S66*U66/100)) -> #REF! | Z66: =IF(R66="DOWN",IF(Y66 < S66 * (1 - 0.01), Y66 * (1 + 0.005), ""),IF(Y66 > S66 * (1 + 0.01), Y66 * (1 - 0.005), "")) -> #REF! | AB66: =(($B$1) *(T66))/100 -> #REF! | AG66: =IF(R66="DOWN",(S66-AA66)/S66*1000,(AA66-S66)/S66*1000) -> #REF! | AH66: =AB66*(AG66) -> #REF! | AI66: =IF(AK66<V66,"MANTENER","CERRAR") -> #REF!
A67: 45925 | B67: 0.625 | C67: CHFJPY | D67: =IF(COUNTIF(#REF!,"<>NAN")=0, 0, IF(AND(OR(#REF!=#REF!,#REF!="NAN"), OR(#REF!=#REF!,#REF!="NAN"), OR(#REF!=#REF!,#REF!="NAN")),#REF!, 0)) -> #REF! | E67: =IF(#REF!="NAN","",IF( AND(OR(#REF!=#REF!,#REF!="NAN"), OR(#REF!=#REF!,#REF!="NAN"), OR(#REF!=#REF!,#REF!="NAN")), 1, 0)) -> #REF! | G67: =IF(OR(#REF!="UP",#REF!="DOWN"),1,0) -> #REF! | H67: =IF(OR(#REF!="UP",#REF!="DOWN"),1,0) -> #REF! | I67: =IF(OR(#REF!="UP",#REF!="DOWN"),1,0) -> #REF! | M67: =IF(OR(#REF!="UP",#REF!="DOWN"),1,1) -> #REF! | N67: =IF(OR(#REF!="UP",#REF!="DOWN"),VLOOKUP($C67,Configuración!$H$2:$K$11,3),1) -> #REF! | O67: =IF(OR(#REF!="UP",#REF!="DOWN"),VLOOKUP($C67,Configuración!$H$2:$K$11,4),1) -> #REF! | P67: =IF(SUM(G67:I67)=0, 0, IF(SUM(G67:I67)=1, G67*M67 + H67*N67 + I67*O67, IF(SUM(G67:I67)=2, 1 - PRODUCT( IF(G67=1,1-M67,1), IF(H67=1,1-N67,1), IF(I67=1,1-O67,1) ), IF(SUM(G67:I67)=3, 1 - PRODUCT(1-M67,1-N67,1-O67), 0 ) ) ) ) -> #REF! | Q67: =P67*E67 -> #REF! | R67: =IF(AND(OR(D67="UP",D67="DOWN"), Q67>0.95), D67, 0) -> #REF! | T67: =IF(R67<>0,Configuración!$E$2,0) -> #REF! | U67: =IF(R67<>0,Configuración!$F$2,0) -> #REF! | V67: =IF(R67<>0,Configuración!$G$2,0) -> #REF! | W67: =IF(R67="DOWN",S67+(S67*T67/100),S67-(S67*T67/100)) -> #REF! | X67: =IF(R67="DOWN",S67-(S67*U67/100),S67+(S67*U67/100)) -> #REF! | Z67: =IF(R67="DOWN",IF(Y67 < S67 * (1 - 0.01), Y67 * (1 + 0.005), ""),IF(Y67 > S67 * (1 + 0.01), Y67 * (1 - 0.005), "")) -> #REF! | AB67: =(($B$1) *(T67))/100 -> #REF! | AG67: =IF(R67="DOWN",(S67-AA67)/S67*1000,(AA67-S67)/S67*1000) -> #REF! | AH67: =AB67*(AG67) -> #REF! | AI67: =IF(AK67<V67,"MANTENER","CERRAR") -> #REF!
A68: 45925 | B68: 0.625 | C68: EURAUD | D68: =IF(COUNTIF(#REF!,"<>NAN")=0, 0, IF(AND(OR(#REF!=#REF!,#REF!="NAN"), OR(#REF!=#REF!,#REF!="NAN"), OR(#REF!=#REF!,#REF!="NAN")),#REF!, 0)) -> #REF! | E68: =IF(#REF!="NAN","",IF( AND(OR(#REF!=#REF!,#REF!="NAN"), OR(#REF!=#REF!,#REF!="NAN"), OR(#REF!=#REF!,#REF!="NAN")), 1, 0)) -> #REF! | G68: =IF(OR(#REF!="UP",#REF!="DOWN"),1,0) -> #REF! | H68: =IF(OR(#REF!="UP",#REF!="DOWN"),1,0) -> #REF! | I68: =IF(OR(#REF!="UP",#REF!="DOWN"),1,0) -> #REF! | M68: =IF(OR(#REF!="UP",#REF!="DOWN"),1,1) -> #REF! | N68: =IF(OR(#REF!="UP",#REF!="DOWN"),VLOOKUP($C68,Configuración!$H$2:$K$11,3),1) -> #REF! | O68: =IF(OR(#REF!="UP",#REF!="DOWN"),VLOOKUP($C68,Configuración!$H$2:$K$11,4),1) -> #REF! | P68: =IF(SUM(G68:I68)=0, 0, IF(SUM(G68:I68)=1, G68*M68 + H68*N68 + I68*O68, IF(SUM(G68:I68)=2, 1 - PRODUCT( IF(G68=1,1-M68,1), IF(H68=1,1-N68,1), IF(I68=1,1-O68,1) ), IF(SUM(G68:I68)=3, 1 - PRODUCT(1-M68,1-N68,1-O68), 0 ) ) ) ) -> #REF! | Q68: =P68*E68 -> #REF! | R68: =IF(AND(OR(D68="UP",D68="DOWN"), Q68>0.95), D68, 0) -> #REF! | T68: =IF(R68<>0,Configuración!$E$2,0) -> #REF! | U68: =IF(R68<>0,Configuración!$F$2,0) -> #REF! | V68: =IF(R68<>0,Configuración!$G$2,0) -> #REF! | W68: =IF(R68="DOWN",S68+(S68*T68/100),S68-(S68*T68/100)) -> #REF! | X68: =IF(R68="DOWN",S68-(S68*U68/100),S68+(S68*U68/100)) -> #REF! | Z68: =IF(R68="DOWN",IF(Y68 < S68 * (1 - 0.01), Y68 * (1 + 0.005), ""),IF(Y68 > S68 * (1 + 0.01), Y68 * (1 - 0.005), "")) -> #REF! | AB68: =(($B$1) *(T68))/100 -> #REF! | AG68: =IF(R68="DOWN",(S68-AA68)/S68*1000,(AA68-S68)/S68*1000) -> #REF! | AH68: =AB68*(AG68) -> #REF! | AI68: =IF(AK68<V68,"MANTENER","CERRAR") -> #REF!
A69: 45925 | B69: 0.625 | C69: EURUSD | D69: =IF(COUNTIF(#REF!,"<>NAN")=0, 0, IF(AND(OR(#REF!=#REF!,#REF!="NAN"), OR(#REF!=#REF!,#REF!="NAN"), OR(#REF!=#REF!,#REF!="NAN")),#REF!, 0)) -> #REF! | E69: =IF(#REF!="NAN","",IF( AND(OR(#REF!=#REF!,#REF!="NAN"), OR(#REF!=#REF!,#REF!="NAN"), OR(#REF!=#REF!,#REF!="NAN")), 1, 0)) -> #REF! | G69: =IF(OR(#REF!="UP",#REF!="DOWN"),1,0) -> #REF! | H69: =IF(OR(#REF!="UP",#REF!="DOWN"),1,0) -> #REF! | I69: =IF(OR(#REF!="UP",#REF!="DOWN"),1,0) -> #REF! | M69: =IF(OR(#REF!="UP",#REF!="DOWN"),1,1) -> #REF! | N69: =IF(OR(#REF!="UP",#REF!="DOWN"),VLOOKUP($C69,Configuración!$H$2:$K$11,3),1) -> #REF! | O69: =IF(OR(#REF!="UP",#REF!="DOWN"),VLOOKUP($C69,Configuración!$H$2:$K$11,4),1) -> #REF! | P69: =IF(SUM(G69:I69)=0, 0, IF(SUM(G69:I69)=1, G69*M69 + H69*N69 + I69*O69, IF(SUM(G69:I69)=2, 1 - PRODUCT( IF(G69=1,1-M69,1), IF(H69=1,1-N69,1), IF(I69=1,1-O69,1) ), IF(SUM(G69:I69)=3, 1 - PRODUCT(1-M69,1-N69,1-O69), 0 ) ) ) ) -> #REF! | Q69: =P69*E69 -> #REF! | R69: =IF(AND(OR(D69="UP",D69="DOWN"), Q69>0.95), D69, 0) -> #REF! | T69: =IF(R69<>0,Configuración!$E$2,0) -> #REF! | U69: =IF(R69<>0,Configuración!$F$2,0) -> #REF! | V69: =IF(R69<>0,Configuración!$G$2,0) -> #REF! | W69: =IF(R69="DOWN",S69+(S69*T69/100),S69-(S69*T69/100)) -> #REF! | X69: =IF(R69="DOWN",S69-(S69*U69/100),S69+(S69*U69/100)) -> #REF! | Z69: =IF(R69="DOWN",IF(Y69 < S69 * (1 - 0.01), Y69 * (1 + 0.005), ""),IF(Y69 > S69 * (1 + 0.01), Y69 * (1 - 0.005), "")) -> #REF! | AB69: =(($B$1) *(T69))/100 -> #REF! | AG69: =IF(R69="DOWN",(S69-AA69)/S69*1000,(AA69-S69)/S69*1000) -> #REF! | AH69: =AB69*(AG69) -> #REF! | AI69: =IF(AK69<V69,"MANTENER","CERRAR") -> #REF!
A70: 45925 | B70: 0.625 | C70: GBPUSD | D70: =IF(COUNTIF(#REF!,"<>NAN")=0, 0, IF(AND(OR(#REF!=#REF!,#REF!="NAN"), OR(#REF!=#REF!,#REF!="NAN"), OR(#REF!=#REF!,#REF!="NAN")),#REF!, 0)) -> #REF! | E70: =IF(#REF!="NAN","",IF( AND(OR(#REF!=#REF!,#REF!="NAN"), OR(#REF!=#REF!,#REF!="NAN"), OR(#REF!=#REF!,#REF!="NAN")), 1, 0)) -> #REF! | G70: =IF(OR(#REF!="UP",#REF!="DOWN"),1,0) -> #REF! | H70: =IF(OR(#REF!="UP",#REF!="DOWN"),1,0) -> #REF! | I70: =IF(OR(#REF!="UP",#REF!="DOWN"),1,0) -> #REF! | M70: =IF(OR(#REF!="UP",#REF!="DOWN"),1,1) -> #REF! | N70: =IF(OR(#REF!="UP",#REF!="DOWN"),VLOOKUP($C70,Configuración!$H$2:$K$11,3),1) -> #REF! | O70: =IF(OR(#REF!="UP",#REF!="DOWN"),VLOOKUP($C70,Configuración!$H$2:$K$11,4),1) -> #REF! | P70: =IF(SUM(G70:I70)=0, 0, IF(SUM(G70:I70)=1, G70*M70 + H70*N70 + I70*O70, IF(SUM(G70:I70)=2, 1 - PRODUCT( IF(G70=1,1-M70,1), IF(H70=1,1-N70,1), IF(I70=1,1-O70,1) ), IF(SUM(G70:I70)=3, 1 - PRODUCT(1-M70,1-N70,1-O70), 0 ) ) ) ) -> #REF! | Q70: =P70*E70 -> #REF! | R70: =IF(AND(OR(D70="UP",D70="DOWN"), Q70>0.95), D70, 0) -> #REF! | T70: =IF(R70<>0,Configuración!$E$2,0) -> #REF! | U70: =IF(R70<>0,Configuración!$F$2,0) -> #REF! | V70: =IF(R70<>0,Configuración!$G$2,0) -> #REF! | W70: =IF(R70="DOWN",S70+(S70*T70/100),S70-(S70*T70/100)) -> #REF! | X70: =IF(R70="DOWN",S70-(S70*U70/100),S70+(S70*U70/100)) -> #REF! | Z70: =IF(R70="DOWN",IF(Y70 < S70 * (1 - 0.01), Y70 * (1 + 0.005), ""),IF(Y70 > S70 * (1 + 0.01), Y70 * (1 - 0.005), "")) -> #REF! | AB70: =(($B$1) *(T70))/100 -> #REF! | AG70: =IF(R70="DOWN",(S70-AA70)/S70*1000,(AA70-S70)/S70*1000) -> #REF! | AH70: =AB70*(AG70) -> #REF! | AI70: =IF(AK70<V70,"MANTENER","CERRAR") -> #REF!
A71: 45925 | B71: 0.625 | C71: USDCAD | D71: =IF(COUNTIF(#REF!,"<>NAN")=0, 0, IF(AND(OR(#REF!=#REF!,#REF!="NAN"), OR(#REF!=#REF!,#REF!="NAN"), OR(#REF!=#REF!,#REF!="NAN")),#REF!, 0)) -> #REF! | E71: =IF(#REF!="NAN","",IF( AND(OR(#REF!=#REF!,#REF!="NAN"), OR(#REF!=#REF!,#REF!="NAN"), OR(#REF!=#REF!,#REF!="NAN")), 1, 0)) -> #REF! | G71: =IF(OR(#REF!="UP",#REF!="DOWN"),1,0) -> #REF! | H71: =IF(OR(#REF!="UP",#REF!="DOWN"),1,0) -> #REF! | I71: =IF(OR(#REF!="UP",#REF!="DOWN"),1,0) -> #REF! | M71: =IF(OR(#REF!="UP",#REF!="DOWN"),1,1) -> #REF! | N71: =IF(OR(#REF!="UP",#REF!="DOWN"),VLOOKUP($C71,Configuración!$H$2:$K$11,3),1) -> #REF! | O71: =IF(OR(#REF!="UP",#REF!="DOWN"),VLOOKUP($C71,Configuración!$H$2:$K$11,4),1) -> #REF! | P71: =IF(SUM(G71:I71)=0, 0, IF(SUM(G71:I71)=1, G71*M71 + H71*N71 + I71*O71, IF(SUM(G71:I71)=2, 1 - PRODUCT( IF(G71=1,1-M71,1), IF(H71=1,1-N71,1), IF(I71=1,1-O71,1) ), IF(SUM(G71:I71)=3, 1 - PRODUCT(1-M71,1-N71,1-O71), 0 ) ) ) ) -> #REF! | Q71: =P71*E71 -> #REF! | R71: =IF(AND(OR(D71="UP",D71="DOWN"), Q71>0.95), D71, 0) -> #REF! | T71: =IF(R71<>0,Configuración!$E$2,0) -> #REF! | U71: =IF(R71<>0,Configuración!$F$2,0) -> #REF! | V71: =IF(R71<>0,Configuración!$G$2,0) -> #REF! | W71: =IF(R71="DOWN",S71+(S71*T71/100),S71-(S71*T71/100)) -> #REF! | X71: =IF(R71="DOWN",S71-(S71*U71/100),S71+(S71*U71/100)) -> #REF! | Z71: =IF(R71="DOWN",IF(Y71 < S71 * (1 - 0.01), Y71 * (1 + 0.005), ""),IF(Y71 > S71 * (1 + 0.01), Y71 * (1 - 0.005), "")) -> #REF! | AB71: =(($B$1) *(T71))/100 -> #REF! | AG71: =IF(R71="DOWN",(S71-AA71)/S71*1000,(AA71-S71)/S71*1000) -> #REF! | AH71: =AB71*(AG71) -> #REF! | AI71: =IF(AK71<V71,"MANTENER","CERRAR") -> #REF!
A72: 45925 | B72: 0.625 | C72: USDCHF | D72: =IF(COUNTIF(#REF!,"<>NAN")=0, 0, IF(AND(OR(#REF!=#REF!,#REF!="NAN"), OR(#REF!=#REF!,#REF!="NAN"), OR(#REF!=#REF!,#REF!="NAN")),#REF!, 0)) -> #REF! | E72: =IF(#REF!="NAN","",IF( AND(OR(#REF!=#REF!,#REF!="NAN"), OR(#REF!=#REF!,#REF!="NAN"), OR(#REF!=#REF!,#REF!="NAN")), 1, 0)) -> #REF! | G72: =IF(OR(#REF!="UP",#REF!="DOWN"),1,0) -> #REF! | H72: =IF(OR(#REF!="UP",#REF!="DOWN"),1,0) -> #REF! | I72: =IF(OR(#REF!="UP",#REF!="DOWN"),1,0) -> #REF! | M72: =IF(OR(#REF!="UP",#REF!="DOWN"),1,1) -> #REF! | N72: =IF(OR(#REF!="UP",#REF!="DOWN"),VLOOKUP($C72,Configuración!$H$2:$K$11,3),1) -> #REF! | O72: =IF(OR(#REF!="UP",#REF!="DOWN"),VLOOKUP($C72,Configuración!$H$2:$K$11,4),1) -> #REF! | P72: =IF(SUM(G72:I72)=0, 0, IF(SUM(G72:I72)=1, G72*M72 + H72*N72 + I72*O72, IF(SUM(G72:I72)=2, 1 - PRODUCT( IF(G72=1,1-M72,1), IF(H72=1,1-N72,1), IF(I72=1,1-O72,1) ), IF(SUM(G72:I72)=3, 1 - PRODUCT(1-M72,1-N72,1-O72), 0 ) ) ) ) -> #REF! | Q72: =P72*E72 -> #REF! | R72: DOWN | S72: 0.78951 | T72: =IF(R72<>0,Configuración!$E$2,0) -> 1 | U72: =IF(R72<>0,Configuración!$F$2,0) -> 2 | V72: =IF(R72<>0,Configuración!$G$2,0) -> 5 | W72: =IF(R72="DOWN",S72+(S72*T72/100),S72-(S72*T72/100)) -> 0.7974051 | X72: =IF(R72="DOWN",S72-(S72*U72/100),S72+(S72*U72/100)) -> 0.7737198 | Y72: 0.79636 | Z72: =IF(R72="DOWN",IF(Y72 < S72 * (1 - 0.01), Y72 * (1 + 0.005), ""),IF(Y72 > S72 * (1 + 0.01), Y72 * (1 - 0.005), "")) | AA72: 0.79789 | AB72: =(($B$1) *(T72))/100 -> 0.7204 | AC72: L | AD72: 45925 | AE72: 0.27430556 | AF72: DIAS | AG72: =IF(R72="DOWN",(S72-AA72)/S72*1000,(AA72-S72)/S72*1000) -> -10.614178 | AH72: =AB72*(AG72) -> -7.6464541 | AI72: =IF(AK72<V72,"MANTENER","CERRAR") -> CERRAR | AJ72: SE DEJARON CORRER DEMASIADOS DIAS | AK72: 6
A73: 45925 | B73: 0.625 | C73: USDJPY | D73: =IF(COUNTIF(#REF!,"<>NAN")=0, 0, IF(AND(OR(#REF!=#REF!,#REF!="NAN"), OR(#REF!=#REF!,#REF!="NAN"), OR(#REF!=#REF!,#REF!="NAN")),#REF!, 0)) -> #REF! | E73: =IF(#REF!="NAN","",IF( AND(OR(#REF!=#REF!,#REF!="NAN"), OR(#REF!=#REF!,#REF!="NAN"), OR(#REF!=#REF!,#REF!="NAN")), 1, 0)) -> #REF! | G73: =IF(OR(#REF!="UP",#REF!="DOWN"),1,0) -> #REF! | H73: =IF(OR(#REF!="UP",#REF!="DOWN"),1,0) -> #REF! | I73: =IF(OR(#REF!="UP",#REF!="DOWN"),1,0) -> #REF! | M73: =IF(OR(#REF!="UP",#REF!="DOWN"),1,1) -> #REF! | N73: =IF(OR(#REF!="UP",#REF!="DOWN"),VLOOKUP($C73,Configuración!$H$2:$K$11,3),1) -> #REF! | O73: =IF(OR(#REF!="UP",#REF!="DOWN"),VLOOKUP($C73,Configuración!$H$2:$K$11,4),1) -> #REF! | P73: =IF(SUM(G73:I73)=0, 0, IF(SUM(G73:I73)=1, G73*M73 + H73*N73 + I73*O73, IF(SUM(G73:I73)=2, 1 - PRODUCT( IF(G73=1,1-M73,1), IF(H73=1,1-N73,1), IF(I73=1,1-O73,1) ), IF(SUM(G73:I73)=3, 1 - PRODUCT(1-M73,1-N73,1-O73), 0 ) ) ) ) -> #REF! | Q73: =P73*E73 -> #REF! | R73: =IF(AND(OR(D73="UP",D73="DOWN"), Q73>0.95), D73, 0) -> #REF! | T73: =IF(R73<>0,Configuración!$E$2,0) -> #REF! | U73: =IF(R73<>0,Configuración!$F$2,0) -> #REF! | V73: =IF(R73<>0,Configuración!$G$2,0) -> #REF! | W73: =IF(R73="DOWN",S73+(S73*T73/100),S73-(S73*T73/100)) -> #REF! | X73: =IF(R73="DOWN",S73-(S73*U73/100),S73+(S73*U73/100)) -> #REF! | Z73: =IF(R73="DOWN",IF(Y73 < S73 * (1 - 0.01), Y73 * (1 + 0.005), ""),IF(Y73 > S73 * (1 + 0.01), Y73 * (1 - 0.005), "")) -> #REF! | AB73: =(($B$1) *(T73))/100 -> #REF! | AG73: =IF(R73="DOWN",(S73-AA73)/S73*1000,(AA73-S73)/S73*1000) -> #REF! | AH73: =AB73*(AG73) -> #REF! | AI73: =IF(AK73<V73,"MANTENER","CERRAR") -> #REF!
A74: 45926 | B74: 0.625 | C74: AUDCAD | D74: =IF(COUNTIF(#REF!,"<>NAN")=0, 0, IF(AND(OR(#REF!=#REF!,#REF!="NAN"), OR(#REF!=#REF!,#REF!="NAN"), OR(#REF!=#REF!,#REF!="NAN")),#REF!, 0)) -> #REF! | E74: =IF(#REF!="NAN","",IF( AND(OR(#REF!=#REF!,#REF!="NAN"), OR(#REF!=#REF!,#REF!="NAN"), OR(#REF!=#REF!,#REF!="NAN")), 1, 0)) -> #REF! | G74: =IF(OR(#REF!="UP",#REF!="DOWN"),1,0) -> #REF! | H74: =IF(OR(#REF!="UP",#REF!="DOWN"),1,0) -> #REF! | I74: =IF(OR(#REF!="UP",#REF!="DOWN"),1,0) -> #REF! | M74: =IF(OR(#REF!="UP",#REF!="DOWN"),1,1) -> #REF! | N74: =IF(OR(#REF!="UP",#REF!="DOWN"),VLOOKUP($C74,Configuración!$H$2:$K$11,3),1) -> #REF! | O74: =IF(OR(#REF!="UP",#REF!="DOWN"),VLOOKUP($C74,Configuración!$H$2:$K$11,4),1) -> #REF! | P74: =IF(SUM(G74:I74)=0, 0, IF(SUM(G74:I74)=1, G74*M74 + H74*N74 + I74*O74, IF(SUM(G74:I74)=2, 1 - PRODUCT( IF(G74=1,1-M74,1), IF(H74=1,1-N74,1), IF(I74=1,1-O74,1) ), IF(SUM(G74:I74)=3, 1 - PRODUCT(1-M74,1-N74,1-O74), 0 ) ) ) ) -> #REF! | Q74: =P74*E74 -> #REF! | R74: =IF(AND(OR(D74="UP",D74="DOWN"), Q74>0.95), D74, 0) -> #REF! | T74: =IF(R74<>0,Configuración!$E$2,0) -> #REF! | U74: =IF(R74<>0,Configuración!$F$2,0) -> #REF! | V74: =IF(R74<>0,Configuración!$G$2,0) -> #REF! | W74: =IF(R74="DOWN",S74+(S74*T74/100),S74-(S74*T74/100)) -> #REF! | X74: =IF(R74="DOWN",S74-(S74*U74/100),S74+(S74*U74/100)) -> #REF! | Z74: =IF(R74="DOWN",IF(Y74 < S74 * (1 - 0.01), Y74 * (1 + 0.005), ""),IF(Y74 > S74 * (1 + 0.01), Y74 * (1 - 0.005), "")) -> #REF! | AB74: =(($B$1) *(T74))/100 -> #REF! | AG74: =IF(R74="DOWN",(S74-AA74)/S74*1000,(AA74-S74)/S74*1000) -> #REF! | AH74: =AB74*(AG74) -> #REF! | AI74: =IF(AK74<V74,"MANTENER","CERRAR") -> #REF!
A75: 45926 | B75: 0.625 | C75: AUDUSD | D75: =IF(COUNTIF(#REF!,"<>NAN")=0, 0, IF(AND(OR(#REF!=#REF!,#REF!="NAN"), OR(#REF!=#REF!,#REF!="NAN"), OR(#REF!=#REF!,#REF!="NAN")),#REF!, 0)) -> #REF! | E75: =IF(#REF!="NAN","",IF( AND(OR(#REF!=#REF!,#REF!="NAN"), OR(#REF!=#REF!,#REF!="NAN"), OR(#REF!=#REF!,#REF!="NAN")), 1, 0)) -> #REF! | G75: =IF(OR(#REF!="UP",#REF!="DOWN"),1,0) -> #REF! | H75: =IF(OR(#REF!="UP",#REF!="DOWN"),1,0) -> #REF! | I75: =IF(OR(#REF!="UP",#REF!="DOWN"),1,0) -> #REF! | M75: =IF(OR(#REF!="UP",#REF!="DOWN"),1,1) -> #REF! | N75: =IF(OR(#REF!="UP",#REF!="DOWN"),VLOOKUP($C75,Configuración!$H$2:$K$11,3),1) -> #REF! | O75: =IF(OR(#REF!="UP",#REF!="DOWN"),VLOOKUP($C75,Configuración!$H$2:$K$11,4),1) -> #REF! | P75: =IF(SUM(G75:I75)=0, 0, IF(SUM(G75:I75)=1, G75*M75 + H75*N75 + I75*O75, IF(SUM(G75:I75)=2, 1 - PRODUCT( IF(G75=1,1-M75,1), IF(H75=1,1-N75,1), IF(I75=1,1-O75,1) ), IF(SUM(G75:I75)=3, 1 - PRODUCT(1-M75,1-N75,1-O75), 0 ) ) ) ) -> #REF! | Q75: =P75*E75 -> #REF! | R75: =IF(AND(OR(D75="UP",D75="DOWN"), Q75>0.95), D75, 0) -> #REF! | T75: =IF(R75<>0,Configuración!$E$2,0) -> #REF! | U75: =IF(R75<>0,Configuración!$F$2,0) -> #REF! | V75: =IF(R75<>0,Configuración!$G$2,0) -> #REF! | W75: =IF(R75="DOWN",S75+(S75*T75/100),S75-(S75*T75/100)) -> #REF! | X75: =IF(R75="DOWN",S75-(S75*U75/100),S75+(S75*U75/100)) -> #REF! | Z75: =IF(R75="DOWN",IF(Y75 < S75 * (1 - 0.01), Y75 * (1 + 0.005), ""),IF(Y75 > S75 * (1 + 0.01), Y75 * (1 - 0.005), "")) -> #REF! | AB75: =(($B$1) *(T75))/100 -> #REF! | AG75: =IF(R75="DOWN",(S75-AA75)/S75*1000,(AA75-S75)/S75*1000) -> #REF! | AH75: =AB75*(AG75) -> #REF! | AI75: =IF(AK75<V75,"MANTENER","CERRAR") -> #REF!
A76: 45926 | B76: 0.625 | C76: CADCHF | D76: =IF(COUNTIF(#REF!,"<>NAN")=0, 0, IF(AND(OR(#REF!=#REF!,#REF!="NAN"), OR(#REF!=#REF!,#REF!="NAN"), OR(#REF!=#REF!,#REF!="NAN")),#REF!, 0)) -> #REF! | E76: =IF(#REF!="NAN","",IF( AND(OR(#REF!=#REF!,#REF!="NAN"), OR(#REF!=#REF!,#REF!="NAN"), OR(#REF!=#REF!,#REF!="NAN")), 1, 0)) -> #REF! | G76: =IF(OR(#REF!="UP",#REF!="DOWN"),1,0) -> #REF! | H76: =IF(OR(#REF!="UP",#REF!="DOWN"),1,0) -> #REF! | I76: =IF(OR(#REF!="UP",#REF!="DOWN"),1,0) -> #REF! | M76: =IF(OR(#REF!="UP",#REF!="DOWN"),1,1) -> #REF! | N76: =IF(OR(#REF!="UP",#REF!="DOWN"),VLOOKUP($C76,Configuración!$H$2:$K$11,3),1) -> #REF! | O76: =IF(OR(#REF!="UP",#REF!="DOWN"),VLOOKUP($C76,Configuración!$H$2:$K$11,4),1) -> #REF! | P76: =IF(SUM(G76:I76)=0, 0, IF(SUM(G76:I76)=1, G76*M76 + H76*N76 + I76*O76, IF(SUM(G76:I76)=2, 1 - PRODUCT( IF(G76=1,1-M76,1), IF(H76=1,1-N76,1), IF(I76=1,1-O76,1) ), IF(SUM(G76:I76)=3, 1 - PRODUCT(1-M76,1-N76,1-O76), 0 ) ) ) ) -> #REF! | Q76: =P76*E76 -> #REF! | R76: =IF(AND(OR(D76="UP",D76="DOWN"), Q76>0.95), D76, 0) -> #REF! | T76: =IF(R76<>0,Configuración!$E$2,0) -> #REF! | U76: =IF(R76<>0,Configuración!$F$2,0) -> #REF! | V76: =IF(R76<>0,Configuración!$G$2,0) -> #REF! | W76: =IF(R76="DOWN",S76+(S76*T76/100),S76-(S76*T76/100)) -> #REF! | X76: =IF(R76="DOWN",S76-(S76*U76/100),S76+(S76*U76/100)) -> #REF! | Z76: =IF(R76="DOWN",IF(Y76 < S76 * (1 - 0.01), Y76 * (1 + 0.005), ""),IF(Y76 > S76 * (1 + 0.01), Y76 * (1 - 0.005), "")) -> #REF! | AB76: =(($B$1) *(T76))/100 -> #REF! | AG76: =IF(R76="DOWN",(S76-AA76)/S76*1000,(AA76-S76)/S76*1000) -> #REF! | AH76: =AB76*(AG76) -> #REF! | AI76: =IF(AK76<V76,"MANTENER","CERRAR") -> #REF!
A77: 45926 | B77: 0.625 | C77: CHFJPY | D77: =IF(COUNTIF(#REF!,"<>NAN")=0, 0, IF(AND(OR(#REF!=#REF!,#REF!="NAN"), OR(#REF!=#REF!,#REF!="NAN"), OR(#REF!=#REF!,#REF!="NAN")),#REF!, 0)) -> #REF! | E77: =IF(#REF!="NAN","",IF( AND(OR(#REF!=#REF!,#REF!="NAN"), OR(#REF!=#REF!,#REF!="NAN"), OR(#REF!=#REF!,#REF!="NAN")), 1, 0)) -> #REF! | G77: =IF(OR(#REF!="UP",#REF!="DOWN"),1,0) -> #REF! | H77: =IF(OR(#REF!="UP",#REF!="DOWN"),1,0) -> #REF! | I77: =IF(OR(#REF!="UP",#REF!="DOWN"),1,0) -> #REF! | M77: =IF(OR(#REF!="UP",#REF!="DOWN"),1,1) -> #REF! | N77: =IF(OR(#REF!="UP",#REF!="DOWN"),VLOOKUP($C77,Configuración!$H$2:$K$11,3),1) -> #REF! | O77: =IF(OR(#REF!="UP",#REF!="DOWN"),VLOOKUP($C77,Configuración!$H$2:$K$11,4),1) -> #REF! | P77: =IF(SUM(G77:I77)=0, 0, IF(SUM(G77:I77)=1, G77*M77 + H77*N77 + I77*O77, IF(SUM(G77:I77)=2, 1 - PRODUCT( IF(G77=1,1-M77,1), IF(H77=1,1-N77,1), IF(I77=1,1-O77,1) ), IF(SUM(G77:I77)=3, 1 - PRODUCT(1-M77,1-N77,1-O77), 0 ) ) ) ) -> #REF! | Q77: =P77*E77 -> #REF! | R77: =IF(AND(OR(D77="UP",D77="DOWN"), Q77>0.95), D77, 0) -> #REF! | T77: =IF(R77<>0,Configuración!$E$2,0) -> #REF! | U77: =IF(R77<>0,Configuración!$F$2,0) -> #REF! | V77: =IF(R77<>0,Configuración!$G$2,0) -> #REF! | W77: =IF(R77="DOWN",S77+(S77*T77/100),S77-(S77*T77/100)) -> #REF! | X77: =IF(R77="DOWN",S77-(S77*U77/100),S77+(S77*U77/100)) -> #REF! | Z77: =IF(R77="DOWN",IF(Y77 < S77 * (1 - 0.01), Y77 * (1 + 0.005), ""),IF(Y77 > S77 * (1 + 0.01), Y77 * (1 - 0.005), "")) -> #REF! | AB77: =(($B$1) *(T77))/100 -> #REF! | AG77: =IF(R77="DOWN",(S77-AA77)/S77*1000,(AA77-S77)/S77*1000) -> #REF! | AH77: =AB77*(AG77) -> #REF! | AI77: =IF(AK77<V77,"MANTENER","CERRAR") -> #REF!
A78: 45926 | B78: 0.625 | C78: EURAUD | D78: =IF(COUNTIF(#REF!,"<>NAN")=0, 0, IF(AND(OR(#REF!=#REF!,#REF!="NAN"), OR(#REF!=#REF!,#REF!="NAN"), OR(#REF!=#REF!,#REF!="NAN")),#REF!, 0)) -> #REF! | E78: =IF(#REF!="NAN","",IF( AND(OR(#REF!=#REF!,#REF!="NAN"), OR(#REF!=#REF!,#REF!="NAN"), OR(#REF!=#REF!,#REF!="NAN")), 1, 0)) -> #REF! | G78: =IF(OR(#REF!="UP",#REF!="DOWN"),1,0) -> #REF! | H78: =IF(OR(#REF!="UP",#REF!="DOWN"),1,0) -> #REF! | I78: =IF(OR(#REF!="UP",#REF!="DOWN"),1,0) -> #REF! | M78: =IF(OR(#REF!="UP",#REF!="DOWN"),1,1) -> #REF! | N78: =IF(OR(#REF!="UP",#REF!="DOWN"),VLOOKUP($C78,Configuración!$H$2:$K$11,3),1) -> #REF! | O78: =IF(OR(#REF!="UP",#REF!="DOWN"),VLOOKUP($C78,Configuración!$H$2:$K$11,4),1) -> #REF! | P78: =IF(SUM(G78:I78)=0, 0, IF(SUM(G78:I78)=1, G78*M78 + H78*N78 + I78*O78, IF(SUM(G78:I78)=2, 1 - PRODUCT( IF(G78=1,1-M78,1), IF(H78=1,1-N78,1), IF(I78=1,1-O78,1) ), IF(SUM(G78:I78)=3, 1 - PRODUCT(1-M78,1-N78,1-O78), 0 ) ) ) ) -> #REF! | Q78: =P78*E78 -> #REF! | R78: =IF(AND(OR(D78="UP",D78="DOWN"), Q78>0.95), D78, 0) -> #REF! | T78: =IF(R78<>0,Configuración!$E$2,0) -> #REF! | U78: =IF(R78<>0,Configuración!$F$2,0) -> #REF! | V78: =IF(R78<>0,Configuración!$G$2,0) -> #REF! | W78: =IF(R78="DOWN",S78+(S78*T78/100),S78-(S78*T78/100)) -> #REF! | X78: =IF(R78="DOWN",S78-(S78*U78/100),S78+(S78*U78/100)) -> #REF! | Z78: =IF(R78="DOWN",IF(Y78 < S78 * (1 - 0.01), Y78 * (1 + 0.005), ""),IF(Y78 > S78 * (1 + 0.01), Y78 * (1 - 0.005), "")) -> #REF! | AB78: =(($B$1) *(T78))/100 -> #REF! | AG78: =IF(R78="DOWN",(S78-AA78)/S78*1000,(AA78-S78)/S78*1000) -> #REF! | AH78: =AB78*(AG78) -> #REF! | AI78: =IF(AK78<V78,"MANTENER","CERRAR") -> #REF!
A79: 45926 | B79: 0.625 | C79: EURUSD | D79: =IF(COUNTIF(#REF!,"<>NAN")=0, 0, IF(AND(OR(#REF!=#REF!,#REF!="NAN"), OR(#REF!=#REF!,#REF!="NAN"), OR(#REF!=#REF!,#REF!="NAN")),#REF!, 0)) -> #REF! | E79: =IF(#REF!="NAN","",IF( AND(OR(#REF!=#REF!,#REF!="NAN"), OR(#REF!=#REF!,#REF!="NAN"), OR(#REF!=#REF!,#REF!="NAN")), 1, 0)) -> #REF! | G79: =IF(OR(#REF!="UP",#REF!="DOWN"),1,0) -> #REF! | H79: =IF(OR(#REF!="UP",#REF!="DOWN"),1,0) -> #REF! | I79: =IF(OR(#REF!="UP",#REF!="DOWN"),1,0) -> #REF! | M79: =IF(OR(#REF!="UP",#REF!="DOWN"),1,1) -> #REF! | N79: =IF(OR(#REF!="UP",#REF!="DOWN"),VLOOKUP($C79,Configuración!$H$2:$K$11,3),1) -> #REF! | O79: =IF(OR(#REF!="UP",#REF!="DOWN"),VLOOKUP($C79,Configuración!$H$2:$K$11,4),1) -> #REF! | P79: =IF(SUM(G79:I79)=0, 0, IF(SUM(G79:I79)=1, G79*M79 + H79*N79 + I79*O79, IF(SUM(G79:I79)=2, 1 - PRODUCT( IF(G79=1,1-M79,1), IF(H79=1,1-N79,1), IF(I79=1,1-O79,1) ), IF(SUM(G79:I79)=3, 1 - PRODUCT(1-M79,1-N79,1-O79), 0 ) ) ) ) -> #REF! | Q79: =P79*E79 -> #REF! | R79: =IF(AND(OR(D79="UP",D79="DOWN"), Q79>0.95), D79, 0) -> #REF! | T79: =IF(R79<>0,Configuración!$E$2,0) -> #REF! | U79: =IF(R79<>0,Configuración!$F$2,0) -> #REF! | V79: =IF(R79<>0,Configuración!$G$2,0) -> #REF! | W79: =IF(R79="DOWN",S79+(S79*T79/100),S79-(S79*T79/100)) -> #REF! | X79: =IF(R79="DOWN",S79-(S79*U79/100),S79+(S79*U79/100)) -> #REF! | Z79: =IF(R79="DOWN",IF(Y79 < S79 * (1 - 0.01), Y79 * (1 + 0.005), ""),IF(Y79 > S79 * (1 + 0.01), Y79 * (1 - 0.005), "")) -> #REF! | AB79: =(($B$1) *(T79))/100 -> #REF! | AG79: =IF(R79="DOWN",(S79-AA79)/S79*1000,(AA79-S79)/S79*1000) -> #REF! | AH79: =AB79*(AG79) -> #REF! | AI79: =IF(AK79<V79,"MANTENER","CERRAR") -> #REF!
A80: 45926 | B80: 0.625 | C80: GBPUSD | D80: =IF(COUNTIF(#REF!,"<>NAN")=0, 0, IF(AND(OR(#REF!=#REF!,#REF!="NAN"), OR(#REF!=#REF!,#REF!="NAN"), OR(#REF!=#REF!,#REF!="NAN")),#REF!, 0)) -> #REF! | E80: =IF(#REF!="NAN","",IF( AND(OR(#REF!=#REF!,#REF!="NAN"), OR(#REF!=#REF!,#REF!="NAN"), OR(#REF!=#REF!,#REF!="NAN")), 1, 0)) -> #REF! | G80: =IF(OR(#REF!="UP",#REF!="DOWN"),1,0) -> #REF! | H80: =IF(OR(#REF!="UP",#REF!="DOWN"),1,0) -> #REF! | I80: =IF(OR(#REF!="UP",#REF!="DOWN"),1,0) -> #REF! | M80: =IF(OR(#REF!="UP",#REF!="DOWN"),1,1) -> #REF! | N80: =IF(OR(#REF!="UP",#REF!="DOWN"),VLOOKUP($C80,Configuración!$H$2:$K$11,3),1) -> #REF! | O80: =IF(OR(#REF!="UP",#REF!="DOWN"),VLOOKUP($C80,Configuración!$H$2:$K$11,4),1) -> #REF! | P80: =IF(SUM(G80:I80)=0, 0, IF(SUM(G80:I80)=1, G80*M80 + H80*N80 + I80*O80, IF(SUM(G80:I80)=2, 1 - PRODUCT( IF(G80=1,1-M80,1), IF(H80=1,1-N80,1), IF(I80=1,1-O80,1) ), IF(SUM(G80:I80)=3, 1 - PRODUCT(1-M80,1-N80,1-O80), 0 ) ) ) ) -> #REF! | Q80: =P80*E80 -> #REF! | R80: =IF(AND(OR(D80="UP",D80="DOWN"), Q80>0.95), D80, 0) -> #REF! | T80: =IF(R80<>0,Configuración!$E$2,0) -> #REF! | U80: =IF(R80<>0,Configuración!$F$2,0) -> #REF! | V80: =IF(R80<>0,Configuración!$G$2,0) -> #REF! | W80: =IF(R80="DOWN",S80+(S80*T80/100),S80-(S80*T80/100)) -> #REF! | X80: =IF(R80="DOWN",S80-(S80*U80/100),S80+(S80*U80/100)) -> #REF! | Z80: =IF(R80="DOWN",IF(Y80 < S80 * (1 - 0.01), Y80 * (1 + 0.005), ""),IF(Y80 > S80 * (1 + 0.01), Y80 * (1 - 0.005), "")) -> #REF! | AB80: =(($B$1) *(T80))/100 -> #REF! | AG80: =IF(R80="DOWN",(S80-AA80)/S80*1000,(AA80-S80)/S80*1000) -> #REF! | AH80: =AB80*(AG80) -> #REF! | AI80: =IF(AK80<V80,"MANTENER","CERRAR") -> #REF!
A81: 45926 | B81: 0.625 | C81: USDCAD | D81: =IF(COUNTIF(#REF!,"<>NAN")=0, 0, IF(AND(OR(#REF!=#REF!,#REF!="NAN"), OR(#REF!=#REF!,#REF!="NAN"), OR(#REF!=#REF!,#REF!="NAN")),#REF!, 0)) -> #REF! | E81: =IF(#REF!="NAN","",IF( AND(OR(#REF!=#REF!,#REF!="NAN"), OR(#REF!=#REF!,#REF!="NAN"), OR(#REF!=#REF!,#REF!="NAN")), 1, 0)) -> #REF! | G81: =IF(OR(#REF!="UP",#REF!="DOWN"),1,0) -> #REF! | H81: =IF(OR(#REF!="UP",#REF!="DOWN"),1,0) -> #REF! | I81: =IF(OR(#REF!="UP",#REF!="DOWN"),1,0) -> #REF! | M81: =IF(OR(#REF!="UP",#REF!="DOWN"),1,1) -> #REF! | N81: =IF(OR(#REF!="UP",#REF!="DOWN"),VLOOKUP($C81,Configuración!$H$2:$K$11,3),1) -> #REF! | O81: =IF(OR(#REF!="UP",#REF!="DOWN"),VLOOKUP($C81,Configuración!$H$2:$K$11,4),1) -> #REF! | P81: =IF(SUM(G81:I81)=0, 0, IF(SUM(G81:I81)=1, G81*M81 + H81*N81 + I81*O81, IF(SUM(G81:I81)=2, 1 - PRODUCT( IF(G81=1,1-M81,1), IF(H81=1,1-N81,1), IF(I81=1,1-O81,1) ), IF(SUM(G81:I81)=3, 1 - PRODUCT(1-M81,1-N81,1-O81), 0 ) ) ) ) -> #REF! | Q81: =P81*E81 -> #REF! | R81: =IF(AND(OR(D81="UP",D81="DOWN"), Q81>0.95), D81, 0) -> #REF! | T81: =IF(R81<>0,Configuración!$E$2,0) -> #REF! | U81: =IF(R81<>0,Configuración!$F$2,0) -> #REF! | V81: =IF(R81<>0,Configuración!$G$2,0) -> #REF! | W81: =IF(R81="DOWN",S81+(S81*T81/100),S81-(S81*T81/100)) -> #REF! | X81: =IF(R81="DOWN",S81-(S81*U81/100),S81+(S81*U81/100)) -> #REF! | Z81: =IF(R81="DOWN",IF(Y81 < S81 * (1 - 0.01), Y81 * (1 + 0.005), ""),IF(Y81 > S81 * (1 + 0.01), Y81 * (1 - 0.005), "")) -> #REF! | AB81: =(($B$1) *(T81))/100 -> #REF! | AG81: =IF(R81="DOWN",(S81-AA81)/S81*1000,(AA81-S81)/S81*1000) -> #REF! | AH81: =AB81*(AG81) -> #REF! | AI81: =IF(AK81<V81,"MANTENER","CERRAR") -> #REF!
A82: 45926 | B82: 0.625 | C82: USDCHF | D82: =IF(COUNTIF(#REF!,"<>NAN")=0, 0, IF(AND(OR(#REF!=#REF!,#REF!="NAN"), OR(#REF!=#REF!,#REF!="NAN"), OR(#REF!=#REF!,#REF!="NAN")),#REF!, 0)) -> #REF! | E82: =IF(#REF!="NAN","",IF( AND(OR(#REF!=#REF!,#REF!="NAN"), OR(#REF!=#REF!,#REF!="NAN"), OR(#REF!=#REF!,#REF!="NAN")), 1, 0)) -> #REF! | G82: =IF(OR(#REF!="UP",#REF!="DOWN"),1,0) -> #REF! | H82: =IF(OR(#REF!="UP",#REF!="DOWN"),1,0) -> #REF! | I82: =IF(OR(#REF!="UP",#REF!="DOWN"),1,0) -> #REF! | M82: =IF(OR(#REF!="UP",#REF!="DOWN"),1,1) -> #REF! | N82: =IF(OR(#REF!="UP",#REF!="DOWN"),VLOOKUP($C82,Configuración!$H$2:$K$11,3),1) -> #REF! | O82: =IF(OR(#REF!="UP",#REF!="DOWN"),VLOOKUP($C82,Configuración!$H$2:$K$11,4),1) -> #REF! | P82: =IF(SUM(G82:I82)=0, 0, IF(SUM(G82:I82)=1, G82*M82 + H82*N82 + I82*O82, IF(SUM(G82:I82)=2, 1 - PRODUCT( IF(G82=1,1-M82,1), IF(H82=1,1-N82,1), IF(I82=1,1-O82,1) ), IF(SUM(G82:I82)=3, 1 - PRODUCT(1-M82,1-N82,1-O82), 0 ) ) ) ) -> #REF! | Q82: =P82*E82 -> #REF! | R82: =IF(AND(OR(D82="UP",D82="DOWN"), Q82>0.95), D82, 0) -> #REF! | T82: =IF(R82<>0,Configuración!$E$2,0) -> #REF! | U82: =IF(R82<>0,Configuración!$F$2,0) -> #REF! | V82: =IF(R82<>0,Configuración!$G$2,0) -> #REF! | W82: =IF(R82="DOWN",S82+(S82*T82/100),S82-(S82*T82/100)) -> #REF! | X82: =IF(R82="DOWN",S82-(S82*U82/100),S82+(S82*U82/100)) -> #REF! | Z82: =IF(R82="DOWN",IF(Y82 < S82 * (1 - 0.01), Y82 * (1 + 0.005), ""),IF(Y82 > S82 * (1 + 0.01), Y82 * (1 - 0.005), "")) -> #REF! | AB82: =(($B$1) *(T82))/100 -> #REF! | AG82: =IF(R82="DOWN",(S82-AA82)/S82*1000,(AA82-S82)/S82*1000) -> #REF! | AH82: =AB82*(AG82) -> #REF! | AI82: =IF(AK82<V82,"MANTENER","CERRAR") -> #REF!
A83: 45926 | B83: 0.625 | C83: USDJPY | D83: =IF(COUNTIF(#REF!,"<>NAN")=0, 0, IF(AND(OR(#REF!=#REF!,#REF!="NAN"), OR(#REF!=#REF!,#REF!="NAN"), OR(#REF!=#REF!,#REF!="NAN")),#REF!, 0)) -> #REF! | E83: =IF(#REF!="NAN","",IF( AND(OR(#REF!=#REF!,#REF!="NAN"), OR(#REF!=#REF!,#REF!="NAN"), OR(#REF!=#REF!,#REF!="NAN")), 1, 0)) -> #REF! | G83: =IF(OR(#REF!="UP",#REF!="DOWN"),1,0) -> #REF! | H83: =IF(OR(#REF!="UP",#REF!="DOWN"),1,0) -> #REF! | I83: =IF(OR(#REF!="UP",#REF!="DOWN"),1,0) -> #REF! | M83: =IF(OR(#REF!="UP",#REF!="DOWN"),1,1) -> #REF! | N83: =IF(OR(#REF!="UP",#REF!="DOWN"),VLOOKUP($C83,Configuración!$H$2:$K$11,3),1) -> #REF! | O83: =IF(OR(#REF!="UP",#REF!="DOWN"),VLOOKUP($C83,Configuración!$H$2:$K$11,4),1) -> #REF! | P83: =IF(SUM(G83:I83)=0, 0, IF(SUM(G83:I83)=1, G83*M83 + H83*N83 + I83*O83, IF(SUM(G83:I83)=2, 1 - PRODUCT( IF(G83=1,1-M83,1), IF(H83=1,1-N83,1), IF(I83=1,1-O83,1) ), IF(SUM(G83:I83)=3, 1 - PRODUCT(1-M83,1-N83,1-O83), 0 ) ) ) ) -> #REF! | Q83: =P83*E83 -> #REF! | R83: =IF(AND(OR(D83="UP",D83="DOWN"), Q83>0.95), D83, 0) -> #REF! | T83: =IF(R83<>0,Configuración!$E$2,0) -> #REF! | U83: =IF(R83<>0,Configuración!$F$2,0) -> #REF! | V83: =IF(R83<>0,Configuración!$G$2,0) -> #REF! | W83: =IF(R83="DOWN",S83+(S83*T83/100),S83-(S83*T83/100)) -> #REF! | X83: =IF(R83="DOWN",S83-(S83*U83/100),S83+(S83*U83/100)) -> #REF! | Z83: =IF(R83="DOWN",IF(Y83 < S83 * (1 - 0.01), Y83 * (1 + 0.005), ""),IF(Y83 > S83 * (1 + 0.01), Y83 * (1 - 0.005), "")) -> #REF! | AB83: =(($B$1) *(T83))/100 -> #REF! | AG83: =IF(R83="DOWN",(S83-AA83)/S83*1000,(AA83-S83)/S83*1000) -> #REF! | AH83: =AB83*(AG83) -> #REF! | AI83: =IF(AK83<V83,"MANTENER","CERRAR") -> #REF!
A84: 45929 | B84: 0.625 | C84: AUDCAD | D84: =IF(COUNTIF(#REF!,"<>NAN")=0, 0, IF(AND(OR(#REF!=#REF!,#REF!="NAN"), OR(#REF!=#REF!,#REF!="NAN"), OR(#REF!=#REF!,#REF!="NAN")),#REF!, 0)) -> #REF! | E84: =IF(#REF!="NAN","",IF( AND(OR(#REF!=#REF!,#REF!="NAN"), OR(#REF!=#REF!,#REF!="NAN"), OR(#REF!=#REF!,#REF!="NAN")), 1, 0)) -> #REF! | G84: =IF(OR(#REF!="UP",#REF!="DOWN"),1,0) -> #REF! | H84: =IF(OR(#REF!="UP",#REF!="DOWN"),1,0) -> #REF! | I84: =IF(OR(#REF!="UP",#REF!="DOWN"),1,0) -> #REF! | M84: =IF(OR(#REF!="UP",#REF!="DOWN"),1,1) -> #REF! | N84: =IF(OR(#REF!="UP",#REF!="DOWN"),VLOOKUP($C84,Configuración!$H$2:$K$11,3),1) -> #REF! | O84: =IF(OR(#REF!="UP",#REF!="DOWN"),VLOOKUP($C84,Configuración!$H$2:$K$11,4),1) -> #REF! | P84: =IF(SUM(G84:I84)=0, 0, IF(SUM(G84:I84)=1, G84*M84 + H84*N84 + I84*O84, IF(SUM(G84:I84)=2, 1 - PRODUCT( IF(G84=1,1-M84,1), IF(H84=1,1-N84,1), IF(I84=1,1-O84,1) ), IF(SUM(G84:I84)=3, 1 - PRODUCT(1-M84,1-N84,1-O84), 0 ) ) ) ) -> #REF! | Q84: =P84*E84 -> #REF! | R84: =IF(AND(OR(D84="UP",D84="DOWN"), Q84>0.95), D84, 0) -> #REF! | T84: =IF(R84<>0,Configuración!$E$2,0) -> #REF! | U84: =IF(R84<>0,Configuración!$F$2,0) -> #REF! | V84: =IF(R84<>0,Configuración!$G$2,0) -> #REF! | W84: =IF(R84="DOWN",S84+(S84*T84/100),S84-(S84*T84/100)) -> #REF! | X84: =IF(R84="DOWN",S84-(S84*U84/100),S84+(S84*U84/100)) -> #REF! | Z84: =IF(R84="DOWN",IF(Y84 < S84 * (1 - 0.01), Y84 * (1 + 0.005), ""),IF(Y84 > S84 * (1 + 0.01), Y84 * (1 - 0.005), "")) -> #REF! | AB84: =(($B$1) *(T84))/100 -> #REF! | AG84: =IF(R84="DOWN",(S84-AA84)/S84*1000,(AA84-S84)/S84*1000) -> #REF! | AH84: =AB84*(AG84) -> #REF! | AI84: =IF(AK84<V84,"MANTENER","CERRAR") -> #REF!
... A110: 45931 | B110: 0.625 | C110: GBPUSD | D110: =IF(COUNTIF(#REF!,"<>NAN")=0, 0, IF(AND(OR(#REF!=#REF!,#REF!="NAN"), OR(#REF!=#REF!,#REF!="NAN"), OR(#REF!=#REF!,#REF!="NAN")),#REF!, 0)) -> #REF! | E110: =IF(#REF!="NAN","",IF( AND(OR(#REF!=#REF!,#REF!="NAN"), OR(#REF!=#REF!,#REF!="NAN"), OR(#REF!=#REF!,#REF!="NAN")), 1, 0)) -> #REF! | G110: =IF(OR(#REF!="UP",#REF!="DOWN"),1,0) -> #REF! | H110: =IF(OR(#REF!="UP",#REF!="DOWN"),1,0) -> #REF! | I110: =IF(OR(#REF!="UP",#REF!="DOWN"),1,0) -> #REF! | M110: =IF(OR(#REF!="UP",#REF!="DOWN"),1,1) -> #REF! | N110: =IF(OR(#REF!="UP",#REF!="DOWN"),VLOOKUP($C110,Configuración!$H$2:$K$11,3),1) -> #REF! | O110: =IF(OR(#REF!="UP",#REF!="DOWN"),VLOOKUP($C110,Configuración!$H$2:$K$11,4),1) -> #REF! | P110: =IF(SUM(G110:I110)=0, 0, IF(SUM(G110:I110)=1, G110*M110 + H110*N110 + I110*O110, IF(SUM(G110:I110)=2, 1 - PRODUCT( IF(G110=1,1-M110,1), IF(H110=1,1-N110,1), IF(I110=1,1-O110,1) ), IF(SUM(G110:I110)=3, 1 - PRODUCT(1-M110,1-N110,1-O110), 0 ) ) ) ) -> #REF! | Q110: =P110*E110 -> #REF! | R110: =IF(AND(OR(D110="UP",D110="DOWN"), Q110>0.95), D110, 0) -> #REF! | T110: =IF(R110<>0,Configuración!$E$2,0) -> #REF! | U110: =IF(R110<>0,Configuración!$F$2,0) -> #REF! | V110: =IF(R110<>0,Configuración!$G$2,0) -> #REF! | W110: =IF(R110="DOWN",S110+(S110*T110/100),S110-(S110*T110/100)) -> #REF! | X110: =IF(R110="DOWN",S110-(S110*U110/100),S110+(S110*U110/100)) -> #REF! | Z110: =IF(R110="DOWN",IF(Y110 < S110 * (1 - 0.01), Y110 * (1 + 0.005), ""),IF(Y110 > S110 * (1 + 0.01), Y110 * (1 - 0.005), "")) -> #REF! | AB110: =(($B$1) *(T110))/100 -> #REF! | AG110: =IF(R110="DOWN",(S110-AA110)/S110*1000,(AA110-S110)/S110*1000) -> #REF! | AH110: =AB110*(AG110) -> #REF! | AI110: =IF(AK110<V110,"MANTENER","CERRAR") -> #REF!
A111: 45931 | B111: 0.625 | C111: USDCAD | D111: =IF(COUNTIF(#REF!,"<>NAN")=0, 0, IF(AND(OR(#REF!=#REF!,#REF!="NAN"), OR(#REF!=#REF!,#REF!="NAN"), OR(#REF!=#REF!,#REF!="NAN")),#REF!, 0)) -> #REF! | E111: =IF(#REF!="NAN","",IF( AND(OR(#REF!=#REF!,#REF!="NAN"), OR(#REF!=#REF!,#REF!="NAN"), OR(#REF!=#REF!,#REF!="NAN")), 1, 0)) -> #REF! | G111: =IF(OR(#REF!="UP",#REF!="DOWN"),1,0) -> #REF! | H111: =IF(OR(#REF!="UP",#REF!="DOWN"),1,0) -> #REF! | I111: =IF(OR(#REF!="UP",#REF!="DOWN"),1,0) -> #REF! | M111: =IF(OR(#REF!="UP",#REF!="DOWN"),1,1) -> #REF! | N111: =IF(OR(#REF!="UP",#REF!="DOWN"),VLOOKUP($C111,Configuración!$H$2:$K$11,3),1) -> #REF! | O111: =IF(OR(#REF!="UP",#REF!="DOWN"),VLOOKUP($C111,Configuración!$H$2:$K$11,4),1) -> #REF! | P111: =IF(SUM(G111:I111)=0, 0, IF(SUM(G111:I111)=1, G111*M111 + H111*N111 + I111*O111, IF(SUM(G111:I111)=2, 1 - PRODUCT( IF(G111=1,1-M111,1), IF(H111=1,1-N111,1), IF(I111=1,1-O111,1) ), IF(SUM(G111:I111)=3, 1 - PRODUCT(1-M111,1-N111,1-O111), 0 ) ) ) ) -> #REF! | Q111: =P111*E111 -> #REF! | R111: =IF(AND(OR(D111="UP",D111="DOWN"), Q111>0.9), D111, 0) -> #REF! | T111: =IF(R111<>0,Configuración!$E$2,0) -> #REF! | U111: =IF(R111<>0,Configuración!$F$2,0) -> #REF! | V111: =IF(R111<>0,Configuración!$G$2,0) -> #REF! | W111: =IF(R111="DOWN",S111+(S111*T111/100),S111-(S111*T111/100)) -> #REF! | X111: =IF(R111="DOWN",S111-(S111*U111/100),S111+(S111*U111/100)) -> #REF! | Z111: =IF(R111="DOWN",IF(Y111 < S111 * (1 - 0.01), Y111 * (1 + 0.005), ""),IF(Y111 > S111 * (1 + 0.01), Y111 * (1 - 0.005), "")) -> #REF! | AB111: =(($B$1) *(T111))/100 -> #REF! | AG111: =IF(R111="DOWN",(S111-AA111)/S111*1000,(AA111-S111)/S111*1000) -> #REF! | AH111: =AB111*(AG111) -> #REF! | AI111: =IF(AK111<V111,"MANTENER","CERRAR") -> #REF!
A112: 45931 | B112: 0.625 | C112: USDCHF | D112: =IF(COUNTIF(#REF!,"<>NAN")=0, 0, IF(AND(OR(#REF!=#REF!,#REF!="NAN"), OR(#REF!=#REF!,#REF!="NAN"), OR(#REF!=#REF!,#REF!="NAN")),#REF!, 0)) -> #REF! | E112: =IF(#REF!="NAN","",IF( AND(OR(#REF!=#REF!,#REF!="NAN"), OR(#REF!=#REF!,#REF!="NAN"), OR(#REF!=#REF!,#REF!="NAN")), 1, 0)) -> #REF! | G112: =IF(OR(#REF!="UP",#REF!="DOWN"),1,0) -> #REF! | H112: =IF(OR(#REF!="UP",#REF!="DOWN"),1,0) -> #REF! | I112: =IF(OR(#REF!="UP",#REF!="DOWN"),1,0) -> #REF! | M112: =IF(OR(#REF!="UP",#REF!="DOWN"),1,1) -> #REF! | N112: =IF(OR(#REF!="UP",#REF!="DOWN"),VLOOKUP($C112,Configuración!$H$2:$K$11,3),1) -> #REF! | O112: =IF(OR(#REF!="UP",#REF!="DOWN"),VLOOKUP($C112,Configuración!$H$2:$K$11,4),1) -> #REF! | P112: =IF(SUM(G112:I112)=0, 0, IF(SUM(G112:I112)=1, G112*M112 + H112*N112 + I112*O112, IF(SUM(G112:I112)=2, 1 - PRODUCT( IF(G112=1,1-M112,1), IF(H112=1,1-N112,1), IF(I112=1,1-O112,1) ), IF(SUM(G112:I112)=3, 1 - PRODUCT(1-M112,1-N112,1-O112), 0 ) ) ) ) -> #REF! | Q112: =P112*E112 -> #REF! | R112: =IF(AND(OR(D112="UP",D112="DOWN"), Q112>0.9), D112, 0) -> #REF! | T112: =IF(R112<>0,Configuración!$E$2,0) -> #REF! | U112: =IF(R112<>0,Configuración!$F$2,0) -> #REF! | V112: =IF(R112<>0,Configuración!$G$2,0) -> #REF! | W112: =IF(R112="DOWN",S112+(S112*T112/100),S112-(S112*T112/100)) -> #REF! | X112: =IF(R112="DOWN",S112-(S112*U112/100),S112+(S112*U112/100)) -> #REF! | Z112: =IF(R112="DOWN",IF(Y112 < S112 * (1 - 0.01), Y112 * (1 + 0.005), ""),IF(Y112 > S112 * (1 + 0.01), Y112 * (1 - 0.005), "")) -> #REF! | AB112: =(($B$1) *(T112))/100 -> #REF! | AG112: =IF(R112="DOWN",(S112-AA112)/S112*1000,(AA112-S112)/S112*1000) -> #REF! | AH112: =AB112*(AG112) -> #REF! | AI112: =IF(AK112<V112,"MANTENER","CERRAR") -> #REF!
A113: 45931 | B113: 0.625 | C113: USDJPY | D113: =IF(COUNTIF(#REF!,"<>NAN")=0, 0, IF(AND(OR(#REF!=#REF!,#REF!="NAN"), OR(#REF!=#REF!,#REF!="NAN"), OR(#REF!=#REF!,#REF!="NAN")),#REF!, 0)) -> #REF! | E113: =IF(#REF!="NAN","",IF( AND(OR(#REF!=#REF!,#REF!="NAN"), OR(#REF!=#REF!,#REF!="NAN"), OR(#REF!=#REF!,#REF!="NAN")), 1, 0)) -> #REF! | G113: =IF(OR(#REF!="UP",#REF!="DOWN"),1,0) -> #REF! | H113: =IF(OR(#REF!="UP",#REF!="DOWN"),1,0) -> #REF! | I113: =IF(OR(#REF!="UP",#REF!="DOWN"),1,0) -> #REF! | M113: =IF(OR(#REF!="UP",#REF!="DOWN"),1,1) -> #REF! | N113: =IF(OR(#REF!="UP",#REF!="DOWN"),VLOOKUP($C113,Configuración!$H$2:$K$11,3),1) -> #REF! | O113: =IF(OR(#REF!="UP",#REF!="DOWN"),VLOOKUP($C113,Configuración!$H$2:$K$11,4),1) -> #REF! | P113: =IF(SUM(G113:I113)=0, 0, IF(SUM(G113:I113)=1, G113*M113 + H113*N113 + I113*O113, IF(SUM(G113:I113)=2, 1 - PRODUCT( IF(G113=1,1-M113,1), IF(H113=1,1-N113,1), IF(I113=1,1-O113,1) ), IF(SUM(G113:I113)=3, 1 - PRODUCT(1-M113,1-N113,1-O113), 0 ) ) ) ) -> #REF! | Q113: =P113*E113 -> #REF! | R113: =IF(AND(OR(D113="UP",D113="DOWN"), Q113>0.9), D113, 0) -> #REF! | T113: =IF(R113<>0,Configuración!$E$2,0) -> #REF! | U113: =IF(R113<>0,Configuración!$F$2,0) -> #REF! | V113: =IF(R113<>0,Configuración!$G$2,0) -> #REF! | W113: =IF(R113="DOWN",S113+(S113*T113/100),S113-(S113*T113/100)) -> #REF! | X113: =IF(R113="DOWN",S113-(S113*U113/100),S113+(S113*U113/100)) -> #REF! | Z113: =IF(R113="DOWN",IF(Y113 < S113 * (1 - 0.01), Y113 * (1 + 0.005), ""),IF(Y113 > S113 * (1 + 0.01), Y113 * (1 - 0.005), "")) -> #REF! | AB113: =(($B$1) *(T113))/100 -> #REF! | AG113: =IF(R113="DOWN",(S113-AA113)/S113*1000,(AA113-S113)/S113*1000) -> #REF! | AH113: =AB113*(AG113) -> #REF! | AI113: =IF(AK113<V113,"MANTENER","CERRAR") -> #REF!
A114: 45932 | C114: AUDCAD | D114: =IF(COUNTIF(#REF!,"<>NAN")=0, 0, IF(AND(OR(#REF!=#REF!,#REF!="NAN"), OR(#REF!=#REF!,#REF!="NAN"), OR(#REF!=#REF!,#REF!="NAN")),#REF!, 0)) -> #REF! | E114: =IF(#REF!="NAN","",IF( AND(OR(#REF!=#REF!,#REF!="NAN"), OR(#REF!=#REF!,#REF!="NAN"), OR(#REF!=#REF!,#REF!="NAN")), 1, 0)) -> #REF! | G114: =IF(OR(#REF!="UP",#REF!="DOWN"),1,0) -> #REF! | H114: =IF(OR(#REF!="UP",#REF!="DOWN"),1,0) -> #REF! | I114: =IF(OR(#REF!="UP",#REF!="DOWN"),1,0) -> #REF! | M114: =IF(OR(#REF!="UP",#REF!="DOWN"),1,1) -> #REF! | N114: =IF(OR(#REF!="UP",#REF!="DOWN"),VLOOKUP($C114,Configuración!$H$2:$K$11,3),1) -> #REF! | O114: =IF(OR(#REF!="UP",#REF!="DOWN"),VLOOKUP($C114,Configuración!$H$2:$K$11,4),1) -> #REF! | P114: =IF(SUM(G114:I114)=0, 0, IF(SUM(G114:I114)=1, G114*M114 + H114*N114 + I114*O114, IF(SUM(G114:I114)=2, 1 - PRODUCT( IF(G114=1,1-M114,1), IF(H114=1,1-N114,1), IF(I114=1,1-O114,1) ), IF(SUM(G114:I114)=3, 1 - PRODUCT(1-M114,1-N114,1-O114), 0 ) ) ) ) -> #REF! | Q114: =P114*E114 -> #REF! | R114: =IF(AND(OR(D114="UP",D114="DOWN"), Q114>0.9), D114, 0) -> #REF! | T114: =IF(R114<>0,Configuración!$E$2,0) -> #REF! | U114: =IF(R114<>0,Configuración!$F$2,0) -> #REF! | V114: =IF(R114<>0,Configuración!$G$2,0) -> #REF! | W114: =IF(R114="DOWN",S114+(S114*T114/100),S114-(S114*T114/100)) -> #REF! | X114: =IF(R114="DOWN",S114-(S114*U114/100),S114+(S114*U114/100)) -> #REF! | Z114: =IF(R114="DOWN",IF(Y114 < S114 * (1 - 0.01), Y114 * (1 + 0.005), ""),IF(Y114 > S114 * (1 + 0.01), Y114 * (1 - 0.005), "")) -> #REF! | AB114: =(($B$1) *(T114))/100 -> #REF! | AG114: =IF(R114="DOWN",(S114-AA114)/S114*1000,(AA114-S114)/S114*1000) -> #REF! | AH114: =AB114*(AG114) -> #REF! | AI114: =IF(AK114<V114,"MANTENER","CERRAR") -> #REF!
A115: 45932 | C115: AUDUSD | D115: =IF(COUNTIF(#REF!,"<>NAN")=0, 0, IF(AND(OR(#REF!=#REF!,#REF!="NAN"), OR(#REF!=#REF!,#REF!="NAN"), OR(#REF!=#REF!,#REF!="NAN")),#REF!, 0)) -> #REF! | E115: =IF(#REF!="NAN","",IF( AND(OR(#REF!=#REF!,#REF!="NAN"), OR(#REF!=#REF!,#REF!="NAN"), OR(#REF!=#REF!,#REF!="NAN")), 1, 0)) -> #REF! | G115: =IF(OR(#REF!="UP",#REF!="DOWN"),1,0) -> #REF! | H115: =IF(OR(#REF!="UP",#REF!="DOWN"),1,0) -> #REF! | I115: =IF(OR(#REF!="UP",#REF!="DOWN"),1,0) -> #REF! | M115: =IF(OR(#REF!="UP",#REF!="DOWN"),1,1) -> #REF! | N115: =IF(OR(#REF!="UP",#REF!="DOWN"),VLOOKUP($C115,Configuración!$H$2:$K$11,3),1) -> #REF! | O115: =IF(OR(#REF!="UP",#REF!="DOWN"),VLOOKUP($C115,Configuración!$H$2:$K$11,4),1) -> #REF! | P115: =IF(SUM(G115:I115)=0, 0, IF(SUM(G115:I115)=1, G115*M115 + H115*N115 + I115*O115, IF(SUM(G115:I115)=2, 1 - PRODUCT( IF(G115=1,1-M115,1), IF(H115=1,1-N115,1), IF(I115=1,1-O115,1) ), IF(SUM(G115:I115)=3, 1 - PRODUCT(1-M115,1-N115,1-O115), 0 ) ) ) ) -> #REF! | Q115: =P115*E115 -> #REF! | R115: =IF(AND(OR(D115="UP",D115="DOWN"), Q115>0.9), D115, 0) -> #REF! | T115: =IF(R115<>0,Configuración!$E$2,0) -> #REF! | U115: =IF(R115<>0,Configuración!$F$2,0) -> #REF! | V115: =IF(R115<>0,Configuración!$G$2,0) -> #REF! | W115: =IF(R115="DOWN",S115+(S115*T115/100),S115-(S115*T115/100)) -> #REF! | X115: =IF(R115="DOWN",S115-(S115*U115/100),S115+(S115*U115/100)) -> #REF! | Z115: =IF(R115="DOWN",IF(Y115 < S115 * (1 - 0.01), Y115 * (1 + 0.005), ""),IF(Y115 > S115 * (1 + 0.01), Y115 * (1 - 0.005), "")) -> #REF! | AB115: =(($B$1) *(T115))/100 -> #REF! | AG115: =IF(R115="DOWN",(S115-AA115)/S115*1000,(AA115-S115)/S115*1000) -> #REF! | AH115: =AB115*(AG115) -> #REF! | AI115: =IF(AK115<V115,"MANTENER","CERRAR") -> #REF!
A116: 45932 | C116: CADCHF | D116: =IF(COUNTIF(#REF!,"<>NAN")=0, 0, IF(AND(OR(#REF!=#REF!,#REF!="NAN"), OR(#REF!=#REF!,#REF!="NAN"), OR(#REF!=#REF!,#REF!="NAN")),#REF!, 0)) -> #REF! | E116: =IF(#REF!="NAN","",IF( AND(OR(#REF!=#REF!,#REF!="NAN"), OR(#REF!=#REF!,#REF!="NAN"), OR(#REF!=#REF!,#REF!="NAN")), 1, 0)) -> #REF! | G116: =IF(OR(#REF!="UP",#REF!="DOWN"),1,0) -> #REF! | H116: =IF(OR(#REF!="UP",#REF!="DOWN"),1,0) -> #REF! | I116: =IF(OR(#REF!="UP",#REF!="DOWN"),1,0) -> #REF! | M116: =IF(OR(#REF!="UP",#REF!="DOWN"),1,1) -> #REF! | N116: =IF(OR(#REF!="UP",#REF!="DOWN"),VLOOKUP($C116,Configuración!$H$2:$K$11,3),1) -> #REF! | O116: =IF(OR(#REF!="UP",#REF!="DOWN"),VLOOKUP($C116,Configuración!$H$2:$K$11,4),1) -> #REF! | P116: =IF(SUM(G116:I116)=0, 0, IF(SUM(G116:I116)=1, G116*M116 + H116*N116 + I116*O116, IF(SUM(G116:I116)=2, 1 - PRODUCT( IF(G116=1,1-M116,1), IF(H116=1,1-N116,1), IF(I116=1,1-O116,1) ), IF(SUM(G116:I116)=3, 1 - PRODUCT(1-M116,1-N116,1-O116), 0 ) ) ) ) -> #REF! | Q116: =P116*E116 -> #REF! | R116: =IF(AND(OR(D116="UP",D116="DOWN"), Q116>0.9), D116, 0) -> #REF! | T116: =IF(R116<>0,Configuración!$E$2,0) -> #REF! | U116: =IF(R116<>0,Configuración!$F$2,0) -> #REF! | V116: =IF(R116<>0,Configuración!$G$2,0) -> #REF! | W116: =IF(R116="DOWN",S116+(S116*T116/100),S116-(S116*T116/100)) -> #REF! | X116: =IF(R116="DOWN",S116-(S116*U116/100),S116+(S116*U116/100)) -> #REF! | Z116: =IF(R116="DOWN",IF(Y116 < S116 * (1 - 0.01), Y116 * (1 + 0.005), ""),IF(Y116 > S116 * (1 + 0.01), Y116 * (1 - 0.005), "")) -> #REF! | AB116: =(($B$1) *(T116))/100 -> #REF! | AG116: =IF(R116="DOWN",(S116-AA116)/S116*1000,(AA116-S116)/S116*1000) -> #REF! | AH116: =AB116*(AG116) -> #REF! | AI116: =IF(AK116<V116,"MANTENER","CERRAR") -> #REF!
A117: 45932 | C117: CHFJPY | D117: =IF(COUNTIF(#REF!,"<>NAN")=0, 0, IF(AND(OR(#REF!=#REF!,#REF!="NAN"), OR(#REF!=#REF!,#REF!="NAN"), OR(#REF!=#REF!,#REF!="NAN")),#REF!, 0)) -> #REF! | E117: =IF(#REF!="NAN","",IF( AND(OR(#REF!=#REF!,#REF!="NAN"), OR(#REF!=#REF!,#REF!="NAN"), OR(#REF!=#REF!,#REF!="NAN")), 1, 0)) -> #REF! | G117: =IF(OR(#REF!="UP",#REF!="DOWN"),1,0) -> #REF! | H117: =IF(OR(#REF!="UP",#REF!="DOWN"),1,0) -> #REF! | I117: =IF(OR(#REF!="UP",#REF!="DOWN"),1,0) -> #REF! | M117: =IF(OR(#REF!="UP",#REF!="DOWN"),1,1) -> #REF! | N117: =IF(OR(#REF!="UP",#REF!="DOWN"),VLOOKUP($C117,Configuración!$H$2:$K$11,3),1) -> #REF! | O117: =IF(OR(#REF!="UP",#REF!="DOWN"),VLOOKUP($C117,Configuración!$H$2:$K$11,4),1) -> #REF! | P117: =IF(SUM(G117:I117)=0, 0, IF(SUM(G117:I117)=1, G117*M117 + H117*N117 + I117*O117, IF(SUM(G117:I117)=2, 1 - PRODUCT( IF(G117=1,1-M117,1), IF(H117=1,1-N117,1), IF(I117=1,1-O117,1) ), IF(SUM(G117:I117)=3, 1 - PRODUCT(1-M117,1-N117,1-O117), 0 ) ) ) ) -> #REF! | Q117: =P117*E117 -> #REF! | R117: =IF(AND(OR(D117="UP",D117="DOWN"), Q117>0.9), D117, 0) -> #REF! | T117: =IF(R117<>0,Configuración!$E$2,0) -> #REF! | U117: =IF(R117<>0,Configuración!$F$2,0) -> #REF! | V117: =IF(R117<>0,Configuración!$G$2,0) -> #REF! | W117: =IF(R117="DOWN",S117+(S117*T117/100),S117-(S117*T117/100)) -> #REF! | X117: =IF(R117="DOWN",S117-(S117*U117/100),S117+(S117*U117/100)) -> #REF! | Z117: =IF(R117="DOWN",IF(Y117 < S117 * (1 - 0.01), Y117 * (1 + 0.005), ""),IF(Y117 > S117 * (1 + 0.01), Y117 * (1 - 0.005), "")) -> #REF! | AB117: =(($B$1) *(T117))/100 -> #REF! | AG117: =IF(R117="DOWN",(S117-AA117)/S117*1000,(AA117-S117)/S117*1000) -> #REF! | AH117: =AB117*(AG117) -> #REF! | AI117: =IF(AK117<V117,"MANTENER","CERRAR") -> #REF!
A118: 45932 | C118: EURAUD | D118: =IF(COUNTIF(#REF!,"<>NAN")=0, 0, IF(AND(OR(#REF!=#REF!,#REF!="NAN"), OR(#REF!=#REF!,#REF!="NAN"), OR(#REF!=#REF!,#REF!="NAN")),#REF!, 0)) -> #REF! | E118: =IF(#REF!="NAN","",IF( AND(OR(#REF!=#REF!,#REF!="NAN"), OR(#REF!=#REF!,#REF!="NAN"), OR(#REF!=#REF!,#REF!="NAN")), 1, 0)) -> #REF! | G118: =IF(OR(#REF!="UP",#REF!="DOWN"),1,0) -> #REF! | H118: =IF(OR(#REF!="UP",#REF!="DOWN"),1,0) -> #REF! | I118: =IF(OR(#REF!="UP",#REF!="DOWN"),1,0) -> #REF! | M118: =IF(OR(#REF!="UP",#REF!="DOWN"),1,1) -> #REF! | N118: =IF(OR(#REF!="UP",#REF!="DOWN"),VLOOKUP($C118,Configuración!$H$2:$K$11,3),1) -> #REF! | O118: =IF(OR(#REF!="UP",#REF!="DOWN"),VLOOKUP($C118,Configuración!$H$2:$K$11,4),1) -> #REF! | P118: =IF(SUM(G118:I118)=0, 0, IF(SUM(G118:I118)=1, G118*M118 + H118*N118 + I118*O118, IF(SUM(G118:I118)=2, 1 - PRODUCT( IF(G118=1,1-M118,1), IF(H118=1,1-N118,1), IF(I118=1,1-O118,1) ), IF(SUM(G118:I118)=3, 1 - PRODUCT(1-M118,1-N118,1-O118), 0 ) ) ) ) -> #REF! | Q118: =P118*E118 -> #REF! | R118: =IF(AND(OR(D118="UP",D118="DOWN"), Q118>0.9), D118, 0) -> #REF! | T118: =IF(R118<>0,Configuración!$E$2,0) -> #REF! | U118: =IF(R118<>0,Configuración!$F$2,0) -> #REF! | V118: =IF(R118<>0,Configuración!$G$2,0) -> #REF! | W118: =IF(R118="DOWN",S118+(S118*T118/100),S118-(S118*T118/100)) -> #REF! | X118: =IF(R118="DOWN",S118-(S118*U118/100),S118+(S118*U118/100)) -> #REF! | Z118: =IF(R118="DOWN",IF(Y118 < S118 * (1 - 0.01), Y118 * (1 + 0.005), ""),IF(Y118 > S118 * (1 + 0.01), Y118 * (1 - 0.005), "")) -> #REF! | AB118: =(($B$1) *(T118))/100 -> #REF! | AG118: =IF(R118="DOWN",(S118-AA118)/S118*1000,(AA118-S118)/S118*1000) -> #REF! | AH118: =AB118*(AG118) -> #REF! | AI118: =IF(AK118<V118,"MANTENER","CERRAR") -> #REF!
A119: 45932 | C119: EURUSD | D119: =IF(COUNTIF(#REF!,"<>NAN")=0, 0, IF(AND(OR(#REF!=#REF!,#REF!="NAN"), OR(#REF!=#REF!,#REF!="NAN"), OR(#REF!=#REF!,#REF!="NAN")),#REF!, 0)) -> #REF! | E119: =IF(#REF!="NAN","",IF( AND(OR(#REF!=#REF!,#REF!="NAN"), OR(#REF!=#REF!,#REF!="NAN"), OR(#REF!=#REF!,#REF!="NAN")), 1, 0)) -> #REF! | G119: =IF(OR(#REF!="UP",#REF!="DOWN"),1,0) -> #REF! | H119: =IF(OR(#REF!="UP",#REF!="DOWN"),1,0) -> #REF! | I119: =IF(OR(#REF!="UP",#REF!="DOWN"),1,0) -> #REF! | M119: =IF(OR(#REF!="UP",#REF!="DOWN"),1,1) -> #REF! | N119: =IF(OR(#REF!="UP",#REF!="DOWN"),VLOOKUP($C119,Configuración!$H$2:$K$11,3),1) -> #REF! | O119: =IF(OR(#REF!="UP",#REF!="DOWN"),VLOOKUP($C119,Configuración!$H$2:$K$11,4),1) -> #REF! | P119: =IF(SUM(G119:I119)=0, 0, IF(SUM(G119:I119)=1, G119*M119 + H119*N119 + I119*O119, IF(SUM(G119:I119)=2, 1 - PRODUCT( IF(G119=1,1-M119,1), IF(H119=1,1-N119,1), IF(I119=1,1-O119,1) ), IF(SUM(G119:I119)=3, 1 - PRODUCT(1-M119,1-N119,1-O119), 0 ) ) ) ) -> #REF! | Q119: =P119*E119 -> #REF! | R119: =IF(AND(OR(D119="UP",D119="DOWN"), Q119>0.9), D119, 0) -> #REF! | T119: =IF(R119<>0,Configuración!$E$2,0) -> #REF! | U119: =IF(R119<>0,Configuración!$F$2,0) -> #REF! | V119: =IF(R119<>0,Configuración!$G$2,0) -> #REF! | W119: =IF(R119="DOWN",S119+(S119*T119/100),S119-(S119*T119/100)) -> #REF! | X119: =IF(R119="DOWN",S119-(S119*U119/100),S119+(S119*U119/100)) -> #REF! | Z119: =IF(R119="DOWN",IF(Y119 < S119 * (1 - 0.01), Y119 * (1 + 0.005), ""),IF(Y119 > S119 * (1 + 0.01), Y119 * (1 - 0.005), "")) -> #REF! | AB119: =(($B$1) *(T119))/100 -> #REF! | AG119: =IF(R119="DOWN",(S119-AA119)/S119*1000,(AA119-S119)/S119*1000) -> #REF! | AH119: =AB119*(AG119) -> #REF! | AI119: =IF(AK119<V119,"MANTENER","CERRAR") -> #REF!
A120: 45932 | C120: GBPUSD | D120: =IF(COUNTIF(#REF!,"<>NAN")=0, 0, IF(AND(OR(#REF!=#REF!,#REF!="NAN"), OR(#REF!=#REF!,#REF!="NAN"), OR(#REF!=#REF!,#REF!="NAN")),#REF!, 0)) -> #REF! | E120: =IF(#REF!="NAN","",IF( AND(OR(#REF!=#REF!,#REF!="NAN"), OR(#REF!=#REF!,#REF!="NAN"), OR(#REF!=#REF!,#REF!="NAN")), 1, 0)) -> #REF! | G120: =IF(OR(#REF!="UP",#REF!="DOWN"),1,0) -> #REF! | H120: =IF(OR(#REF!="UP",#REF!="DOWN"),1,0) -> #REF! | I120: =IF(OR(#REF!="UP",#REF!="DOWN"),1,0) -> #REF! | M120: =IF(OR(#REF!="UP",#REF!="DOWN"),1,1) -> #REF! | N120: =IF(OR(#REF!="UP",#REF!="DOWN"),VLOOKUP($C120,Configuración!$H$2:$K$11,3),1) -> #REF! | O120: =IF(OR(#REF!="UP",#REF!="DOWN"),VLOOKUP($C120,Configuración!$H$2:$K$11,4),1) -> #REF! | P120: =IF(SUM(G120:I120)=0, 0, IF(SUM(G120:I120)=1, G120*M120 + H120*N120 + I120*O120, IF(SUM(G120:I120)=2, 1 - PRODUCT( IF(G120=1,1-M120,1), IF(H120=1,1-N120,1), IF(I120=1,1-O120,1) ), IF(SUM(G120:I120)=3, 1 - PRODUCT(1-M120,1-N120,1-O120), 0 ) ) ) ) -> #REF! | Q120: =P120*E120 -> #REF! | R120: =IF(AND(OR(D120="UP",D120="DOWN"), Q120>0.9), D120, 0) -> #REF! | T120: =IF(R120<>0,Configuración!$E$2,0) -> #REF! | U120: =IF(R120<>0,Configuración!$F$2,0) -> #REF! | V120: =IF(R120<>0,Configuración!$G$2,0) -> #REF! | W120: =IF(R120="DOWN",S120+(S120*T120/100),S120-(S120*T120/100)) -> #REF! | X120: =IF(R120="DOWN",S120-(S120*U120/100),S120+(S120*U120/100)) -> #REF! | Z120: =IF(R120="DOWN",IF(Y120 < S120 * (1 - 0.01), Y120 * (1 + 0.005), ""),IF(Y120 > S120 * (1 + 0.01), Y120 * (1 - 0.005), "")) -> #REF! | AB120: =(($B$1) *(T120))/100 -> #REF! | AG120: =IF(R120="DOWN",(S120-AA120)/S120*1000,(AA120-S120)/S120*1000) -> #REF! | AH120: =AB120*(AG120) -> #REF! | AI120: =IF(AK120<V120,"MANTENER","CERRAR") -> #REF!
A121: 45932 | C121: USDCAD | D121: =IF(COUNTIF(#REF!,"<>NAN")=0, 0, IF(AND(OR(#REF!=#REF!,#REF!="NAN"), OR(#REF!=#REF!,#REF!="NAN"), OR(#REF!=#REF!,#REF!="NAN")),#REF!, 0)) -> #REF! | E121: =IF(#REF!="NAN","",IF( AND(OR(#REF!=#REF!,#REF!="NAN"), OR(#REF!=#REF!,#REF!="NAN"), OR(#REF!=#REF!,#REF!="NAN")), 1, 0)) -> #REF! | G121: =IF(OR(#REF!="UP",#REF!="DOWN"),1,0) -> #REF! | H121: =IF(OR(#REF!="UP",#REF!="DOWN"),1,0) -> #REF! | I121: =IF(OR(#REF!="UP",#REF!="DOWN"),1,0) -> #REF! | M121: =IF(OR(#REF!="UP",#REF!="DOWN"),1,1) -> #REF! | N121: =IF(OR(#REF!="UP",#REF!="DOWN"),VLOOKUP($C121,Configuración!$H$2:$K$11,3),1) -> #REF! | O121: =IF(OR(#REF!="UP",#REF!="DOWN"),VLOOKUP($C121,Configuración!$H$2:$K$11,4),1) -> #REF! | P121: =IF(SUM(G121:I121)=0, 0, IF(SUM(G121:I121)=1, G121*M121 + H121*N121 + I121*O121, IF(SUM(G121:I121)=2, 1 - PRODUCT( IF(G121=1,1-M121,1), IF(H121=1,1-N121,1), IF(I121=1,1-O121,1) ), IF(SUM(G121:I121)=3, 1 - PRODUCT(1-M121,1-N121,1-O121), 0 ) ) ) ) -> #REF! | Q121: =P121*E121 -> #REF! | R121: =IF(AND(OR(D121="UP",D121="DOWN"), Q121>0.9), D121, 0) -> #REF! | T121: =IF(R121<>0,Configuración!$E$2,0) -> #REF! | U121: =IF(R121<>0,Configuración!$F$2,0) -> #REF! | V121: =IF(R121<>0,Configuración!$G$2,0) -> #REF! | W121: =IF(R121="DOWN",S121+(S121*T121/100),S121-(S121*T121/100)) -> #REF! | X121: =IF(R121="DOWN",S121-(S121*U121/100),S121+(S121*U121/100)) -> #REF! | Z121: =IF(R121="DOWN",IF(Y121 < S121 * (1 - 0.01), Y121 * (1 + 0.005), ""),IF(Y121 > S121 * (1 + 0.01), Y121 * (1 - 0.005), "")) -> #REF! | AB121: =(($B$1) *(T121))/100 -> #REF! | AG121: =IF(R121="DOWN",(S121-AA121)/S121*1000,(AA121-S121)/S121*1000) -> #REF! | AH121: =AB121*(AG121) -> #REF! | AI121: =IF(AK121<V121,"MANTENER","CERRAR") -> #REF!
A122: 45932 | C122: USDCHF | D122: =IF(COUNTIF(#REF!,"<>NAN")=0, 0, IF(AND(OR(#REF!=#REF!,#REF!="NAN"), OR(#REF!=#REF!,#REF!="NAN"), OR(#REF!=#REF!,#REF!="NAN")),#REF!, 0)) -> #REF! | E122: =IF(#REF!="NAN","",IF( AND(OR(#REF!=#REF!,#REF!="NAN"), OR(#REF!=#REF!,#REF!="NAN"), OR(#REF!=#REF!,#REF!="NAN")), 1, 0)) -> #REF! | G122: =IF(OR(#REF!="UP",#REF!="DOWN"),1,0) -> #REF! | H122: =IF(OR(#REF!="UP",#REF!="DOWN"),1,0) -> #REF! | I122: =IF(OR(#REF!="UP",#REF!="DOWN"),1,0) -> #REF! | M122: =IF(OR(#REF!="UP",#REF!="DOWN"),1,1) -> #REF! | N122: =IF(OR(#REF!="UP",#REF!="DOWN"),VLOOKUP($C122,Configuración!$H$2:$K$11,3),1) -> #REF! | O122: =IF(OR(#REF!="UP",#REF!="DOWN"),VLOOKUP($C122,Configuración!$H$2:$K$11,4),1) -> #REF! | P122: =IF(SUM(G122:I122)=0, 0, IF(SUM(G122:I122)=1, G122*M122 + H122*N122 + I122*O122, IF(SUM(G122:I122)=2, 1 - PRODUCT( IF(G122=1,1-M122,1), IF(H122=1,1-N122,1), IF(I122=1,1-O122,1) ), IF(SUM(G122:I122)=3, 1 - PRODUCT(1-M122,1-N122,1-O122), 0 ) ) ) ) -> #REF! | Q122: =P122*E122 -> #REF! | R122: =IF(AND(OR(D122="UP",D122="DOWN"), Q122>0.9), D122, 0) -> #REF! | T122: =IF(R122<>0,Configuración!$E$2,0) -> #REF! | U122: =IF(R122<>0,Configuración!$F$2,0) -> #REF! | V122: =IF(R122<>0,Configuración!$G$2,0) -> #REF! | W122: =IF(R122="DOWN",S122+(S122*T122/100),S122-(S122*T122/100)) -> #REF! | X122: =IF(R122="DOWN",S122-(S122*U122/100),S122+(S122*U122/100)) -> #REF! | Z122: =IF(R122="DOWN",IF(Y122 < S122 * (1 - 0.01), Y122 * (1 + 0.005), ""),IF(Y122 > S122 * (1 + 0.01), Y122 * (1 - 0.005), "")) -> #REF! | AB122: =(($B$1) *(T122))/100 -> #REF! | AG122: =IF(R122="DOWN",(S122-AA122)/S122*1000,(AA122-S122)/S122*1000) -> #REF! | AH122: =AB122*(AG122) -> #REF! | AI122: =IF(AK122<V122,"MANTENER","CERRAR") -> #REF!
A123: 45932 | C123: USDJPY | D123: =IF(COUNTIF(#REF!,"<>NAN")=0, 0, IF(AND(OR(#REF!=#REF!,#REF!="NAN"), OR(#REF!=#REF!,#REF!="NAN"), OR(#REF!=#REF!,#REF!="NAN")),#REF!, 0)) -> #REF! | E123: =IF(#REF!="NAN","",IF( AND(OR(#REF!=#REF!,#REF!="NAN"), OR(#REF!=#REF!,#REF!="NAN"), OR(#REF!=#REF!,#REF!="NAN")), 1, 0)) -> #REF! | G123: =IF(OR(#REF!="UP",#REF!="DOWN"),1,0) -> #REF! | H123: =IF(OR(#REF!="UP",#REF!="DOWN"),1,0) -> #REF! | I123: =IF(OR(#REF!="UP",#REF!="DOWN"),1,0) -> #REF! | M123: =IF(OR(#REF!="UP",#REF!="DOWN"),1,1) -> #REF! | N123: =IF(OR(#REF!="UP",#REF!="DOWN"),VLOOKUP($C123,Configuración!$H$2:$K$11,3),1) -> #REF! | O123: =IF(OR(#REF!="UP",#REF!="DOWN"),VLOOKUP($C123,Configuración!$H$2:$K$11,4),1) -> #REF! | P123: =IF(SUM(G123:I123)=0, 0, IF(SUM(G123:I123)=1, G123*M123 + H123*N123 + I123*O123, IF(SUM(G123:I123)=2, 1 - PRODUCT( IF(G123=1,1-M123,1), IF(H123=1,1-N123,1), IF(I123=1,1-O123,1) ), IF(SUM(G123:I123)=3, 1 - PRODUCT(1-M123,1-N123,1-O123), 0 ) ) ) ) -> #REF! | Q123: =P123*E123 -> #REF! | R123: =IF(AND(OR(D123="UP",D123="DOWN"), Q123>0.9), D123, 0) -> #REF! | T123: =IF(R123<>0,Configuración!$E$2,0) -> #REF! | U123: =IF(R123<>0,Configuración!$F$2,0) -> #REF! | V123: =IF(R123<>0,Configuración!$G$2,0) -> #REF! | W123: =IF(R123="DOWN",S123+(S123*T123/100),S123-(S123*T123/100)) -> #REF! | X123: =IF(R123="DOWN",S123-(S123*U123/100),S123+(S123*U123/100)) -> #REF! | Z123: =IF(R123="DOWN",IF(Y123 < S123 * (1 - 0.01), Y123 * (1 + 0.005), ""),IF(Y123 > S123 * (1 + 0.01), Y123 * (1 - 0.005), "")) -> #REF! | AB123: =(($B$1) *(T123))/100 -> #REF! | AG123: =IF(R123="DOWN",(S123-AA123)/S123*1000,(AA123-S123)/S123*1000) -> #REF! | AH123: =AB123*(AG123) -> #REF! | AI123: =IF(AK123<V123,"MANTENER","CERRAR") -> #REF!
C124: AUDCAD | D124: =IF(COUNTIF(#REF!,"<>NAN")=0, 0, IF(AND(OR(#REF!=#REF!,#REF!="NAN"), OR(#REF!=#REF!,#REF!="NAN"), OR(#REF!=#REF!,#REF!="NAN")),#REF!, 0)) -> #REF! | E124: =IF(#REF!="NAN","",IF( AND(OR(#REF!=#REF!,#REF!="NAN"), OR(#REF!=#REF!,#REF!="NAN"), OR(#REF!=#REF!,#REF!="NAN")), 1, 0)) -> #REF! | G124: =IF(OR(#REF!="UP",#REF!="DOWN"),1,0) -> #REF! | H124: =IF(OR(#REF!="UP",#REF!="DOWN"),1,0) -> #REF! | I124: =IF(OR(#REF!="UP",#REF!="DOWN"),1,0) -> #REF! | M124: =IF(OR(#REF!="UP",#REF!="DOWN"),1,1) -> #REF! | N124: =IF(OR(#REF!="UP",#REF!="DOWN"),VLOOKUP($C124,Configuración!$H$2:$K$11,3),1) -> #REF! | O124: =IF(OR(#REF!="UP",#REF!="DOWN"),VLOOKUP($C124,Configuración!$H$2:$K$11,4),1) -> #REF! | P124: =IF(SUM(G124:I124)=0, 0, IF(SUM(G124:I124)=1, G124*M124 + H124*N124 + I124*O124, IF(SUM(G124:I124)=2, 1 - PRODUCT( IF(G124=1,1-M124,1), IF(H124=1,1-N124,1), IF(I124=1,1-O124,1) ), IF(SUM(G124:I124)=3, 1 - PRODUCT(1-M124,1-N124,1-O124), 0 ) ) ) ) -> #REF! | Q124: =P124*E124 -> #REF! | R124: =IF(AND(OR(D124="UP",D124="DOWN"), Q124>0.9), D124, 0) -> #REF! | T124: =IF(R124<>0,Configuración!$E$2,0) -> #REF! | U124: =IF(R124<>0,Configuración!$F$2,0) -> #REF! | V124: =IF(R124<>0,Configuración!$G$2,0) -> #REF! | W124: =IF(R124="DOWN",S124+(S124*T124/100),S124-(S124*T124/100)) -> #REF! | X124: =IF(R124="DOWN",S124-(S124*U124/100),S124+(S124*U124/100)) -> #REF! | Z124: =IF(R124="DOWN",IF(Y124 < S124 * (1 - 0.01), Y124 * (1 + 0.005), ""),IF(Y124 > S124 * (1 + 0.01), Y124 * (1 - 0.005), "")) -> #REF! | AB124: =(($B$1) *(T124))/100 -> #REF! | AG124: =IF(R124="DOWN",(S124-AA124)/S124*1000,(AA124-S124)/S124*1000) -> #REF! | AH124: =AB124*(AG124) -> #REF! | AI124: =IF(AK124<V124,"MANTENER","CERRAR") -> #REF!
C125: AUDUSD | D125: =IF(COUNTIF(#REF!,"<>NAN")=0, 0, IF(AND(OR(#REF!=#REF!,#REF!="NAN"), OR(#REF!=#REF!,#REF!="NAN"), OR(#REF!=#REF!,#REF!="NAN")),#REF!, 0)) -> #REF! | E125: =IF(#REF!="NAN","",IF( AND(OR(#REF!=#REF!,#REF!="NAN"), OR(#REF!=#REF!,#REF!="NAN"), OR(#REF!=#REF!,#REF!="NAN")), 1, 0)) -> #REF! | G125: =IF(OR(#REF!="UP",#REF!="DOWN"),1,0) -> #REF! | H125: =IF(OR(#REF!="UP",#REF!="DOWN"),1,0) -> #REF! | I125: =IF(OR(#REF!="UP",#REF!="DOWN"),1,0) -> #REF! | M125: =IF(OR(#REF!="UP",#REF!="DOWN"),1,1) -> #REF! | N125: =IF(OR(#REF!="UP",#REF!="DOWN"),VLOOKUP($C125,Configuración!$H$2:$K$11,3),1) -> #REF! | O125: =IF(OR(#REF!="UP",#REF!="DOWN"),VLOOKUP($C125,Configuración!$H$2:$K$11,4),1) -> #REF! | P125: =IF(SUM(G125:I125)=0, 0, IF(SUM(G125:I125)=1, G125*M125 + H125*N125 + I125*O125, IF(SUM(G125:I125)=2, 1 - PRODUCT( IF(G125=1,1-M125,1), IF(H125=1,1-N125,1), IF(I125=1,1-O125,1) ), IF(SUM(G125:I125)=3, 1 - PRODUCT(1-M125,1-N125,1-O125), 0 ) ) ) ) -> #REF! | Q125: =P125*E125 -> #REF! | R125: =IF(AND(OR(D125="UP",D125="DOWN"), Q125>0.9), D125, 0) -> #REF! | T125: =IF(R125<>0,Configuración!$E$2,0) -> #REF! | U125: =IF(R125<>0,Configuración!$F$2,0) -> #REF! | V125: =IF(R125<>0,Configuración!$G$2,0) -> #REF! | W125: =IF(R125="DOWN",S125+(S125*T125/100),S125-(S125*T125/100)) -> #REF! | X125: =IF(R125="DOWN",S125-(S125*U125/100),S125+(S125*U125/100)) -> #REF! | Z125: =IF(R125="DOWN",IF(Y125 < S125 * (1 - 0.01), Y125 * (1 + 0.005), ""),IF(Y125 > S125 * (1 + 0.01), Y125 * (1 - 0.005), "")) -> #REF! | AB125: =(($B$1) *(T125))/100 -> #REF! | AG125: =IF(R125="DOWN",(S125-AA125)/S125*1000,(AA125-S125)/S125*1000) -> #REF! | AH125: =AB125*(AG125) -> #REF! | AI125: =IF(AK125<V125,"MANTENER","CERRAR") -> #REF!
...

Sheet Hoja1
A1: Etiquetas de fila | B1: Cuenta de Activo
A2: USDCHF | B2: 5
A3: AUDUSD | B3: 4
A4: CHFJPY | B4: 4
A5: AUDCAD | B5: 3
A6: USDJPY | B6: 3
A7: GBPUSD | B7: 3
A8: EURAUD | B8: 3
A9: CADCHF | B9: 2
A10: EURUSD | B10: 1
A11: Total general | B11: 28

Sheet Hoja3
A1: Cuenta de Activo | B1: Etiquetas de columna
A2: Etiquetas de fila | B2: Beakeven | C2: LOSE | D2: WIN | E2: Total general
A3: AUDCAD | B3: 2 | C3: 1 | E3: 3
A4: AUDUSD | B4: 2 | C4: 1 | D4: 1 | E4: 4
A5: CADCHF | C5: 1 | D5: 1 | E5: 2
A6: CHFJPY | D6: 4 | E6: 4
A7: EURAUD | B7: 1 | D7: 2 | E7: 3
A8: EURUSD | D8: 1 | E8: 1
A9: GBPUSD | B9: 1 | C9: 1 | D9: 1 | E9: 3
A10: USDCHF | B10: 1 | C10: 2 | D10: 2 | E10: 5
A11: USDJPY | C11: 1 | D11: 2 | E11: 3
A12: Total general | B12: 7 | C12: 7 | D12: 14 | E12: 28

Sheet Hoja4
A1: Etiquetas de fila | B1: Cuenta de DIAS
A2: 0 | B2: 13
A3: 1 | B3: 9
A4: 2 | B4: 2
A5: 3 | B5: 3
A6: (en blanco)
A7: Total general | B7: 27

Sheet Hoja5
A1: Etiquetas de fila | B1: Suma de $ Retorno
A2: 0 | B2: 11.127618
A3: -3.2992945 | B3: -3.2992945
A4: -0.0082449126 | B4: -0.0082449126
A5: 0 | B5: 0
A6: 2.0374905 | B6: 2.0374905
A7: 2.0743117 | B7: 2.0743117
A8: 2.1506197 | B8: 2.1506197
A9: 2.3561515 | B9: 2.3561515
A10: 2.7514551 | B10: 2.7514551
A11: 3.0651284 | B11: 3.0651284
A12: (en blanco)
A13: 1 | B13: 8.7541748
A14: -5.1664215 | B14: -5.1664215
A15: -2.8315514 | B15: -2.8315514
A16: 1.2023753 | B16: 1.2023753
A17: 2.127794 | B17: 2.127794
A18: 2.5476053 | B18: 2.5476053
A19: 3.1360964 | B19: 3.1360964
A20: 4.1839579 | B20: 4.1839579
A21: 3.5691809 | B21: 3.5691809
A22: -0.014862083 | B22: -0.014862083
A23: 2 | B23: -0.24122388
A24: -0.24122388 | B24: -0.24122388
... A29: 0.84064443 | B29: 0.84064443
A30: (en blanco) | B30: 0
A31: 0 | B31: 0
A32: Total general | B32: 13.899055

Sheet Hoja7
A1: Etiquetas de fila | B1: Cuenta de Resultado
A2: Beakeven | B2: 7
A3: LOSE | B3: 7
A4: WIN | B4: 14
A5: Total general | B5: 28

Sheet Hoja8
A1: Etiquetas de fila | B1: Suma de % Retorno
A2: <10/11/2025 | B2: 0
A3: nov | B3: 1.5791233
A4: 10-nov | B4: -0.33025058
A5: 11-nov | B5: -0.002433164
A6: 13-nov | B6: 0.16780352
A7: 17-nov | B7: 0.051514523
A8: 20-nov | B8: 0.42202521
A9: 24-nov | B9: 0.74374382
A10: 25-nov | B10: 0.23698378
A11: 26-nov | B11: 0.53095525
A12: 27-nov | B12: -0.26498498
A13: 28-nov | B13: 0.023765902
... A16: Total general | B16: 1.9376384

Sheet Hoja9
A1: Etiquetas de fila | B1: Máx. de ACUMULADO
A2: <10/11/2025 | B2: 99.14
A3: <10/11/2025 | B3: 99.14
A4: (en blanco) | B4: 99.14
A5: nov | B5: 112.30325
A6: 10-nov | B6: 99.379625
A7: 11-nov | B7: 89.485067
A8: 13-nov | B8: 86.185773
A9: 17-nov | B9: 87.026417
A10: 20-nov | B10: 91.210375
A11: 24-nov | B11: 99.665989
A12: 25-nov | B12: 104.49176
A13: 26-nov | B13: 109.75565
... A18: Total general | B18: 113.05392

Sheet nuevaok
A1: Capital inicial | B1: 99.14 | C1: =B1+SUM(X:X) -> 113.03906
A2: Fecha Entrada | B2: Hora Entrada | C2: Activo | D2: Fractales | E2: Observaciones | F2: ENTRADA | G2: Precio Entrada | H2: SL (%) | I2: TP (%) | J2: riesgo/beneficio | K2: Unidades | L2: TIEMPO | M2: SL Precio | N2: TP Precio | O2: Precio Actual | P2: Trailing stop | Q2: Precio cierre | R2: Tamaño ($) | S2: Resultado | T2: Fecha Cierre | U2: Hora Cierre | V2: Motivo Cierre | W2: % Retorno | X2: $ Retorno | Y2: factor | Z2: Indicacion | AA2: Observaciones2 | AB2: DIAS | AC2: ACUMULADO
A3: 45971 | C3: EURAUD | D3: UP | F3: UP | G3: 1.77076 | H3: =(G3-M3)/G3*10 -> 0.019200795 | I3: =(N3-G3)/G3*10 -> 0.12435338 | J3: =I3/H3 -> 6.4764706 | K3: =($C$1*ABS(H3))/M3 -> 1.2280688 | L3: =IF(F3<>0,Configuración!$G$2,0) -> 5 | M3: 1.76736 | N3: 1.79278 | P3: =IF(F3="UP", IF(O3 > G3*(1+0.001), O3 - O3*0.005, "" ), IF(F3="DOWN", IF(O3 < G3*(1-0.001), O3 + O3*0.005, "" ), "" ) ) | R3: =ABS(($B$1) *(H3)) -> 1.9035668 | S3: =IF(X3=0,"Beakeven",IF(X3>0,"WIN","LOSE")) -> Beakeven | W3: =IF(Q3>0, IF(F3="DOWN", ((G3-Q3)/G3)*10, ((Q3-G3)/G3))*10, 0) -> 0 | X3: =(W3*$B$1)/Y3 -> 0 | Y3: =VLOOKUP(C3,Configuración!$H$1:$I$11,2) -> 10 | Z3: =IF(AB3<L3,"MANTENER","CERRAR") -> MANTENER | AC3: =B1+Tabla2[[#This Row],[$ Retorno]] -> 99.14
C4: AUDCAD | D4: DOWN | F4: DOWN | G4: 0.91557 | H4: =(G4-M4)/G4*10 -> -0.028725275 | I4: =(N4-G4)/G4*10 -> -0.08377295 | J4: =I4/H4 -> 2.9163498 | K4: =($C$1*ABS(H4))/M4 -> 3.5363515 | L4: =IF(F4<>0,Configuración!$G$2,0) -> 5 | M4: 0.9182 | N4: 0.9079 | P4: =IF(F4="UP", IF(O4 > G4*(1+0.001), O4 - O4*0.005, "" ), IF(F4="DOWN", IF(O4 < G4*(1-0.001), O4 + O4*0.005, "" ), "" ) ) -> 0 | R4: =ABS(($B$1) *(H4)) -> 2.8478238 | S4: =IF(X4=0,"Beakeven",IF(X4>0,"WIN","LOSE")) -> Beakeven | W4: =IF(Q4>0, IF(F4="DOWN", ((G4-Q4)/G4)*10, ((Q4-G4)/G4))*10, 0) -> 0 | X4: =(W4*$B$1)/Y4 -> 0 | Y4: =VLOOKUP(C4,Configuración!$H$1:$I$11,2) -> 1 | Z4: =IF(AB4<L4,"MANTENER","CERRAR") -> MANTENER | AB4: =T4-A4 -> 0 | AC4: =Tabla2[[#This Row],[$ Retorno]]+AC3 -> 99.14
C5: USDCHF | D5: DOWN | F5: DOWN | G5: 0.80529 | H5: =(G5-M5)/G5*10 -> -0.028561139 | I5: =(N5-G5)/G5*10 -> -0.1292702 | J5: =I5/H5 -> 4.526087 | K5: =($C$1*ABS(H5))/M5 -> 3.9977268 | L5: =IF(F5<>0,Configuración!$G$2,0) -> 5 | M5: 0.80759 | N5: 0.79488 | P5: =IF(F5="UP", IF(O5 > G5*(1+0.001), O5 - O5*0.005, "" ), IF(F5="DOWN", IF(O5 < G5*(1-0.001), O5 + O5*0.005, "" ), "" ) ) -> 0 | R5: =ABS(($B$1) *(H5)) -> 2.8315514 | S5: =IF(X5=0,"Beakeven",IF(X5>0,"WIN","LOSE")) -> Beakeven | W5: =IF(Q5>0, IF(F5="DOWN", ((G5-Q5)/G5)*10, ((Q5-G5)/G5))*10, 0) -> 0 | X5: =(W5*$B$1)/Y5 -> 0 | Y5: =VLOOKUP(C5,Configuración!$H$1:$I$11,2) -> 10 | Z5: =IF(AB5<L5,"MANTENER","CERRAR") -> MANTENER | AB5: =T5-A5 -> 0 | AC5: =Tabla2[[#This Row],[$ Retorno]]+AC4 -> 99.14
C6: AUDUSD | D6: UP | F6: buy limit | G6: 0.64973 | H6: =(G6-M6)/G6*10 -> 0.043864374 | I6: =(N6-G6)/G6*10 -> 0.18977114 | J6: =I6/H6 -> 4.3263158 | K6: =($C$1*ABS(H6))/M6 -> 7.6650808 | L6: =IF(F6<>0,Configuración!$G$2,0) -> 5 | M6: 0.64688 | N6: 0.66206 | P6: =IF(F6="UP", IF(O6 > G6*(1+0.001), O6 - O6*0.005, "" ), IF(F6="DOWN", IF(O6 < G6*(1-0.001), O6 + O6*0.005, "" ), "" ) ) | R6: =ABS(($B$1) *(H6)) -> 4.3487141 | S6: =IF(X6=0,"Beakeven",IF(X6>0,"WIN","LOSE")) -> Beakeven | W6: =IF(Q6>0, IF(F6="DOWN", ((G6-Q6)/G6)*10, ((Q6-G6)/G6))*10, 0) -> 0 | X6: =(W6*$B$1)/Y6 -> 0 | Y6: =VLOOKUP(C6,Configuración!$H$1:$I$11,2) -> 1 | Z6: =IF(AB6<L6,"MANTENER","CERRAR") -> MANTENER | AB6: =T6-A6 -> 0 | AC6: =Tabla2[[#This Row],[$ Retorno]]+AC5 -> 99.14
A7: 45971 | C7: EURAUD | D7: UP | F7: UP | G7: 1.77076 | H7: =(G7-M7)/G7*10 -> 0.019200795 | I7: =(N7-G7)/G7*10 -> 0.12435338 | J7: =I7/H7 -> 6.4764706 | K7: =($C$1*ABS(H7))/M7 -> 1.2280688 | L7: =IF(F7<>0,Configuración!$G$2,0) -> 5 | M7: 1.76736 | N7: 1.79278 | O7: 1.76992 | P7: =IF(F7="UP", IF(O7 > G7*(1+0.001), O7 - O7*0.005, "" ), IF(F7="DOWN", IF(O7 < G7*(1-0.001), O7 + O7*0.005, "" ), "" ) ) | Q7: 1.77504 | R7: =ABS(($B$1) *(H7)) -> 1.9035668 | S7: =IF(X7=0,"Beakeven",IF(X7>0,"WIN","LOSE")) -> WIN | T7: 45974 | W7: =IF(Q7>0, IF(F7="DOWN", ((G7-Q7)/G7)*10, ((Q7-G7)/G7))*10, 0) -> 0.024170413 | X7: =(W7*$B$1)/Y7 -> 0.23962547 | Y7: =VLOOKUP(C7,Configuración!$H$1:$I$11,2) -> 10 | Z7: =IF(AB7<L7,"MANTENER","CERRAR") -> MANTENER | AB7: =T7-A7 -> 3 | AC7: =Tabla2[[#This Row],[$ Retorno]]+AC6 -> 99.379625
A8: 45971 | C8: AUDCAD | D8: DOWN | F8: DOWN | G8: 0.91557 | H8: =(G8-M8)/G8*10 -> -0.028725275 | I8: =(N8-G8)/G8*10 -> -0.08377295 | J8: =I8/H8 -> 2.9163498 | K8: =($C$1*ABS(H8))/M8 -> 3.5363515 | L8: =IF(F8<>0,Configuración!$G$2,0) -> 5 | M8: 0.9182 | N8: 0.9079 | O8: 0.91643 | P8: =IF(F8="UP", IF(O8 > G8*(1+0.001), O8 - O8*0.005, "" ), IF(F8="DOWN", IF(O8 < G8*(1-0.001), O8 + O8*0.005, "" ), "" ) ) | Q8: 0.9162 | R8: =ABS(($B$1) *(H8)) -> 2.8478238 | S8: =IF(X8=0,"Beakeven",IF(X8>0,"WIN","LOSE")) -> LOSE | T8: 45974 | W8: =IF(Q8>0, IF(F8="DOWN", ((G8-Q8)/G8)*10, ((Q8-G8)/G8))*10, 0) -> -0.068809594 | X8: =(W8*$B$1)/Y8 -> -6.8217832 | Y8: =VLOOKUP(C8,Configuración!$H$1:$I$11,2) -> 1 | Z8: =IF(AB8<L8,"MANTENER","CERRAR") -> MANTENER | AB8: =T8-A8 -> 3 | AC8: =Tabla2[[#This Row],[$ Retorno]]+AC7 -> 92.557842
A9: 45971 | C9: USDCHF | D9: DOWN | F9: DOWN | G9: 0.80529 | H9: =(G9-M9)/G9*10 -> -0.028561139 | I9: =(N9-G9)/G9*10 -> -0.1292702 | J9: =I9/H9 -> 4.526087 | K9: =($C$1*ABS(H9))/M9 -> 3.9977268 | L9: =IF(F9<>0,Configuración!$G$2,0) -> 5 | M9: 0.80759 | N9: 0.79488 | P9: =IF(F9="UP", IF(O9 > G9*(1+0.001), O9 - O9*0.005, "" ), IF(F9="DOWN", IF(O9 < G9*(1-0.001), O9 + O9*0.005, "" ), "" ) ) -> 0 | Q9: 0.80759 | R9: =ABS(($B$1) *(H9)) -> 2.8315514 | S9: =IF(X9=0,"Beakeven",IF(X9>0,"WIN","LOSE")) -> LOSE | T9: 45972 | V9: SL | W9: =IF(Q9>0, IF(F9="DOWN", ((G9-Q9)/G9)*10, ((Q9-G9)/G9))*10, 0) -> -0.28561139 | X9: =(W9*$B$1)/Y9 -> -2.8315514 | Y9: =VLOOKUP(C9,Configuración!$H$1:$I$11,2) -> 10 | Z9: =IF(AB9<L9,"MANTENER","CERRAR") -> MANTENER | AB9: =T9-A9 -> 1 | AC9: =Tabla2[[#This Row],[$ Retorno]]+AC8 -> 89.726291
C10: AUDUSD | D10: UP | F10: buy limit | G10: 0.64973 | H10: =(G10-M10)/G10*10 -> 0.043864374 | I10: =(N10-G10)/G10*10 -> 0.18977114 | J10: =I10/H10 -> 4.3263158 | K10: =($C$1*ABS(H10))/M10 -> 7.6650808 | L10: =IF(F10<>0,Configuración!$G$2,0) -> 5 | M10: 0.64688 | N10: 0.66206 | P10: =IF(F10="UP", IF(O10 > G10*(1+0.001), O10 - O10*0.005, "" ), IF(F10="DOWN", IF(O10 < G10*(1-0.001), O10 + O10*0.005, "" ), "" ) ) | R10: =ABS(($B$1) *(H10)) -> 4.3487141 | S10: =IF(X10=0,"Beakeven",IF(X10>0,"WIN","LOSE")) -> Beakeven | W10: =IF(Q10>0, IF(F10="DOWN", ((G10-Q10)/G10)*10, ((Q10-G10)/G10))*10, 0) -> 0 | X10: =(W10*$B$1)/Y10 -> 0 | Y10: =VLOOKUP(C10,Configuración!$H$1:$I$11,2) -> 1 | Z10: =IF(AB10<L10,"MANTENER","CERRAR") -> MANTENER | AB10: =T10-A10 -> 0 | AC10: =Tabla2[[#This Row],[$ Retorno]]+AC9 -> 89.726291
A11: 45972 | C11: GBPUSD | D11: UP | F11: UP | G11: 1.31516 | H11: =(G11-M11)/G11*10 -> 0.051628699 | I11: =(N11-G11)/G11*10 -> 0.17549196 | J11: =I11/H11 -> 3.3991163 | K11: =($C$1*ABS(H11))/M11 -> 4.4605573 | L11: =IF(F11<>0,Configuración!$G$2,0) -> 5 | M11: 1.30837 | N11: 1.33824 | O11: 1.3109 | P11: =IF(F11="UP", IF(O11 > G11*(1+0.001), O11 - O11*0.005, "" ), IF(F11="DOWN", IF(O11 < G11*(1-0.001), O11 + O11*0.005, "" ), "" ) ) | Q11: 1.31484 | R11: =ABS(($B$1) *(H11)) -> 5.1184692 | S11: =IF(X11=0,"Beakeven",IF(X11>0,"WIN","LOSE")) -> LOSE | T11: 45974 | W11: =IF(Q11>0, IF(F11="DOWN", ((G11-Q11)/G11)*10, ((Q11-G11)/G11))*10, 0) -> -0.002433164 | X11: =(W11*$B$1)/Y11 -> -0.24122388 | Y11: =VLOOKUP(C11,Configuración!$H$1:$I$11,2) -> 1 | Z11: =IF(AB11<L11,"MANTENER","CERRAR") -> MANTENER | AB11: =T11-A11 -> 2 | AC11: =Tabla2[[#This Row],[$ Retorno]]+AC10 -> 89.485067
A12: 45978 | C12: AUDUSD | D12: UP | F12: UP | G12: 0.65206 | H12: =(G12-M12)/G12*10 -> 0.033432506 | I12: =(N12-G12)/G12*10 -> 0.14875932 | J12: =I12/H12 -> 4.4495413 | K12: =($C$1*ABS(H12))/M12 -> 5.815195 | L12: =IF(F12<>0,Configuración!$G$2,0) -> 5 | M12: 0.64988 | N12: 0.66176 | P12: =IF(F12="UP", IF(O12 > G12*(1+0.001), O12 - O12*0.005, "" ), IF(F12="DOWN", IF(O12 < G12*(1-0.001), O12 + O12*0.005, "" ), "" ) ) | Q12: 0.64989 | R12: =ABS(($B$1) *(H12)) -> 3.3144987 | S12: =IF(X12=0,"Beakeven",IF(X12>0,"WIN","LOSE")) -> LOSE | T12: 45978 | V12: SL | W12: =IF(Q12>0, IF(F12="DOWN", ((G12-Q12)/G12)*10, ((Q12-G12)/G12))*10, 0) -> -0.033279146 | X12: =(W12*$B$1)/Y12 -> -3.2992945 | Y12: =VLOOKUP(C12,Configuración!$H$1:$I$11,2) -> 1 | Z12: =IF(AB12<L12,"MANTENER","CERRAR") -> MANTENER | AB12: =T12-A12 -> 0 | AC12: =Tabla2[[#This Row],[$ Retorno]]+AC11 -> 86.185773
A13: 45974 | C13: AUDCAD | D13: DOWN | F13: DOWN | G13: 0.91774 | H13: =(G13-M13)/G13*10 -> -0.015908645 | I13: =(N13-G13)/G13*10 -> -0.03410552 | J13: =I13/H13 -> 2.1438356 | K13: =($C$1*ABS(H13))/M13 -> 1.9563732 | M13: 0.9192 | N13: 0.91461 | P13: =IF(F13="UP", IF(O13 > G13*(1+0.001), O13 - O13*0.005, "" ), IF(F13="DOWN", IF(O13 < G13*(1-0.001), O13 + O13*0.005, "" ), "" ) ) -> 0 | Q13: 0.9162 | R13: =ABS(($B$1) *(H13)) -> 1.5771831 | S13: =IF(X13=0,"Beakeven",IF(X13>0,"WIN","LOSE")) -> Beakeven | T13: 45974 | W13: =IF(Q13>0, IF(F13="DOWN", ((G13-Q13)/G13)*10, ((Q13-G13)/G13))*10, 0) -> 0.16780352 | AB13: =T13-A13 -> 0 | AC13: =Tabla2[[#This Row],[$ Retorno]]+AC12 -> 86.185773
A14: 45978 | C14: CHFJPY | D14: DOWN | F14: DOWN | G14: 194.59 | H14: =(G14-M14)/G14*10 -> -0.051852613 | I14: =(N14-G14)/G14*10 -> -0.24096819 | J14: =I14/H14 -> 4.6471754 | K14: =($C$1*ABS(H14))/M14 -> 0.02996626 | L14: =IF(F14<>0,Configuración!$G$2,0) -> 5 | M14: 195.599 | N14: 189.901 | O14: 194.269 | P14: =IF(F14="UP", IF(O14 > G14*(1+0.001), O14 - O14*0.005, "" ), IF(F14="DOWN", IF(O14 < G14*(1-0.001), O14 + O14*0.005, "" ), "" ) ) -> 195.24035 | Q14: 194.425 | R14: =ABS(($B$1) *(H14)) -> 5.1406681 | S14: =IF(X14=0,"Beakeven",IF(X14>0,"WIN","LOSE")) -> WIN | T14: 45981 | W14: =IF(Q14>0, IF(F14="DOWN", ((G14-Q14)/G14)*10, ((Q14-G14)/G14))*10, 0) -> 0.084793669 | X14: =(W14*$B$1)/Y14 -> 0.84064443 | Y14: =VLOOKUP(C14,Configuración!$H$1:$I$11,2) -> 10 | Z14: =IF(AB14<L14,"MANTENER","CERRAR") -> MANTENER | AB14: =T14-A14 -> 3 | AC14: =Tabla2[[#This Row],[$ Retorno]]+AC13 -> 87.026417
A15: 45978 | C15: GBPUSD | D15: DOWN | F15: DOWN | G15: 1.31841 | H15: =(G15-M15)/G15*10 -> -0.030794669 | I15: =(N15-G15)/G15*10 -> -0.074711205 | J15: =I15/H15 -> 2.4261084 | K15: =($C$1*ABS(H15))/M15 -> 2.6321961 | L15: =IF(F15<>0,Configuración!$G$2,0) -> 5 | M15: 1.32247 | N15: 1.30856 | O15: 1.3147 | P15: =IF(F15="UP", IF(O15 > G15*(1+0.001), O15 - O15*0.005, "" ), IF(F15="DOWN", IF(O15 < G15*(1-0.001), O15 + O15*0.005, "" ), "" ) ) -> 1.3212735 | R15: =ABS(($B$1) *(H15)) -> 3.0529835 | S15: =IF(X15=0,"Beakeven",IF(X15>0,"WIN","LOSE")) -> Beakeven | T15: 45980 | W15: =IF(Q15>0, IF(F15="DOWN", ((G15-Q15)/G15)*10, ((Q15-G15)/G15))*10, 0) -> 0 | X15: =(W15*$B$1)/Y15 -> 0 | Y15: =VLOOKUP(C15,Configuración!$H$1:$I$11,2) -> 1 | Z15: =IF(AB15<L15,"MANTENER","CERRAR") -> MANTENER | AB15: =T15-A15 -> 2 | AC15: =Tabla2[[#This Row],[$ Retorno]]+AC14 -> 87.026417
A16: 45981 | C16: CHFJPY | D16: DOWN | F16: DOWN | G16: 195.249 | H16: =(G16-M16)/G16*10 -> -0.039590472 | I16: =(N16-G16)/G16*10 -> -0.27390665 | J16: =I16/H16 -> 6.9184994 | K16: =($C$1*ABS(H16))/M16 -> 0.022830445 | L16: =IF(F16<>0,Configuración!$G$2,0) -> 5 | M16: 196.022 | N16: 189.901 | Q16: 194.425 | R16: =ABS(($B$1) *(H16)) -> 3.9249994 | S16: =IF(X16=0,"Beakeven",IF(X16>0,"WIN","LOSE")) -> WIN | T16: 45982 | W16: =IF(Q16>0, IF(F16="DOWN", ((G16-Q16)/G16)*10, ((Q16-G16)/G16))*10, 0) -> 0.42202521 | X16: =(W16*$B$1)/Y16 -> 4.1839579 | Y16: =VLOOKUP(C16,Configuración!$H$1:$I$11,2) -> 10 | AB16: =T16-A16 -> 1 | AC16: =Tabla2[[#This Row],[$ Retorno]]+AC15 -> 91.210375
A17: 45985 | C17: EURAUD | D17: DOWN | F17: DOWN | G17: 1.78865 | H17: =(G17-M17)/G17*10 -> -0.029351746 | I17: =(N17-G17)/G17*10 -> -0.1313281 | J17: =I17/H17 -> 4.4742857 | K17: =($C$1*ABS(H17))/M17 -> 1.8495421 | L17: =IF(F17<>0,Configuración!$G$2,0) -> 5 | M17: 1.7939 | N17: 1.76516 | Q17: 1.78312 | R17: =ABS(($B$1) *(H17)) -> 2.9099321 | S17: =IF(X17=0,"Beakeven",IF(X17>0,"WIN","LOSE")) -> WIN | T17: 45985 | W17: =IF(Q17>0, IF(F17="DOWN", ((G17-Q17)/G17)*10, ((Q17-G17)/G17))*10, 0) -> 0.30917172 | X17: =(W17*$B$1)/Y17 -> 3.0651284 | Y17: =VLOOKUP(C17,Configuración!$H$1:$I$11,2) -> 10 | AB17: =T17-A17 -> 0 | AC17: =Tabla2[[#This Row],[$ Retorno]]+AC16 -> 94.275503
A18: 45985 | C18: GBPUSD | D18: UP | F18: UP | G18: 1.31101 | H18: =(G18-M18)/G18*10 -> 0.022883121 | I18: =(N18-G18)/G18*10 -> 0.084286161 | J18: =I18/H18 -> 3.6833333 | K18: =($C$1*ABS(H18))/M18 -> 1.9775738 | L18: =IF(F18<>0,Configuración!$G$2,0) -> 5 | M18: 1.30801 | N18: 1.32206 | Q18: 1.3126 | R18: =ABS(($B$1) *(H18)) -> 2.2686326 | S18: =IF(X18=0,"Beakeven",IF(X18>0,"WIN","LOSE")) -> WIN | T18: 45986 | W18: =IF(Q18>0, IF(F18="DOWN", ((G18-Q18)/G18)*10, ((Q18-G18)/G18))*10, 0) -> 0.012128054 | X18: =(W18*$B$1)/Y18 -> 1.2023753 | Y18: =VLOOKUP(C18,Configuración!$H$1:$I$11,2) -> 1 | AB18: =T18-A18 -> 1 | AC18: =Tabla2[[#This Row],[$ Retorno]]+AC17 -> 95.477879
A19: 45985 | C19: CHFJPY | D19: DOWN | F19: DOWN | G19: 194.535 | H19: =(G19-M19)/G19*10 -> -0.04261444 | I19: =(N19-G19)/G19*10 -> -0.23820906 | J19: =I19/H19 -> 5.5898673 | K19: =($C$1*ABS(H19))/M19 -> 0.02465703 | L19: =IF(F19<>0,Configuración!$G$2,0) -> 5 | M19: 195.364 | N19: 189.901 | Q19: 194.113 | R19: =ABS(($B$1) *(H19)) -> 4.2247955 | S19: =IF(X19=0,"Beakeven",IF(X19>0,"WIN","LOSE")) -> WIN | T19: 45985 | W19: =IF(Q19>0, IF(F19="DOWN", ((G19-Q19)/G19)*10, ((Q19-G19)/G19))*10, 0) -> 0.21692755 | X19: =(W19*$B$1)/Y19 -> 2.1506197 | Y19: =VLOOKUP(C19,Configuración!$H$1:$I$11,2) -> 10 | AB19: =T19-A19 -> 0 | AC19: =Tabla2[[#This Row],[$ Retorno]]+AC18 -> 97.628498
A20: 45985 | C20: USDJPY | D20: DOWN | F20: DOWN | G20: 157.165 | H20: =(G20-M20)/G20*10 -> -0.04033977 | I20: =(N20-G20)/G20*10 -> -0.19718131 | J20: =I20/H20 -> 4.8880126 | K20: =($C$1*ABS(H20))/M20 -> 0.028897328 | L20: =IF(F20<>0,Configuración!$G$2,0) -> 5 | M20: 157.799 | N20: 154.066 | Q20: 156.842 | R20: =ABS(($B$1) *(H20)) -> 3.9992848 | S20: =IF(X20=0,"Beakeven",IF(X20>0,"WIN","LOSE")) -> WIN | T20: 45985 | W20: =IF(Q20>0, IF(F20="DOWN", ((G20-Q20)/G20)*10, ((Q20-G20)/G20))*10, 0) -> 0.2055165 | X20: =(W20*$B$1)/Y20 -> 2.0374905 | Y20: =VLOOKUP(C20,Configuración!$H$1:$I$11,2) -> 10 | AB20: =T20-A20 -> 0 | AC20: =Tabla2[[#This Row],[$ Retorno]]+AC19 -> 99.665989
A21: 45986 | C21: CADCHF | D21: DOWN | F21: DOWN | G21: 0.57353 | H21: =(G21-M21)/G21*10 -> -0.027025613 | I21: =(N21-G21)/G21*10 -> -0.074276847 | J21: =I21/H21 -> 2.7483871 | K21: =($C$1*ABS(H21))/M21 -> 5.3122171 | L21: =IF(F21<>0,Configuración!$G$2,0) -> 5 | M21: 0.57508 | N21: 0.56927 | Q21: 0.57233 | R21: =ABS(($B$1) *(H21)) -> 2.6793193 | S21: =IF(X21=0,"Beakeven",IF(X21>0,"WIN","LOSE")) -> WIN | T21: 45986 | W21: =IF(Q21>0, IF(F21="DOWN", ((G21-Q21)/G21)*10, ((Q21-G21)/G21))*10, 0) -> 0.20923055 | X21: =(W21*$B$1)/Y21 -> 2.0743117 | Y21: =VLOOKUP(C21,Configuración!$H$1:$I$11,2) -> 10 | AB21: =T21-A21 -> 0 | AC21: =Tabla2[[#This Row],[$ Retorno]]+AC20 -> 101.7403
A22: 45986 | C22: AUDUSD | D22: UP | F22: UP | G22: 0.64497 | H22: =(G22-M22)/G22*10 -> 0.044188102 | I22: =(N22-G22)/G22*10 -> 0.1942726 | J22: =I22/H22 -> 4.3964912 | K22: =($C$1*ABS(H22))/M22 -> 7.7788907 | L22: =IF(F22<>0,Configuración!$G$2,0) -> 5 | M22: 0.64212 | N22: 0.6575 | Q22: 0.64676 | R22: =ABS(($B$1) *(H22)) -> 4.3808084 | S22: =IF(X22=0,"Beakeven",IF(X22>0,"WIN","LOSE")) -> WIN | T22: 45986 | W22: =IF(Q22>0, IF(F22="DOWN", ((G22-Q22)/G22)*10, ((Q22-G22)/G22))*10, 0) -> 0.027753229 | X22: =(W22*$B$1)/Y22 -> 2.7514551 | Y22: =VLOOKUP(C22,Configuración!$H$1:$I$11,2) -> 1 | AB22: =T22-A22 -> 0 | AC22: =Tabla2[[#This Row],[$ Retorno]]+AC21 -> 104.49176
A23: 45987 | C23: USDJPY | D23: DOWN | F23: DOWN | G23: 156.552 | H23: =(G23-M23)/G23*10 -> -0.030980122 | I23: =(N23-G23)/G23*10 -> -0.15879708 | J23: =I23/H23 -> 5.1257732 | K23: =($C$1*ABS(H23))/M23 -> 0.022300246 | M23: 157.037 | N23: 154.066 | Q23: 156.216 | R23: =ABS(($B$1) *(H23)) -> 3.0713693 | S23: =IF(X23=0,"Beakeven",IF(X23>0,"WIN","LOSE")) -> WIN | T23: 45988 | W23: =IF(Q23>0, IF(F23="DOWN", ((G23-Q23)/G23)*10, ((Q23-G23)/G23))*10, 0) -> 0.21462517 | X23: =(W23*$B$1)/Y23 -> 2.127794 | Y23: =VLOOKUP(C23,Configuración!$H$1:$I$11,2) -> 10 | AB23: =T23-A23 -> 1 | AC23: =Tabla2[[#This Row],[$ Retorno]]+AC22 -> 106.61955
A24: 45987 | C24: USDCHF | D24: DOWN | F24: DOWN | G24: 0.80612 | H24: =(G24-M24)/G24*10 -> -0.029896293 | I24: =(N24-G24)/G24*10 -> -0.086463554 | J24: =I24/H24 -> 2.8921162 | K24: =($C$1*ABS(H24))/M24 -> 4.1797444 | M24: 0.80853 | N24: 0.79915 | Q24: 0.80357 | R24: =ABS(($B$1) *(H24)) -> 2.9639185 | S24: =IF(X24=0,"Beakeven",IF(X24>0,"WIN","LOSE")) -> WIN | T24: 45988 | W24: =IF(Q24>0, IF(F24="DOWN", ((G24-Q24)/G24)*10, ((Q24-G24)/G24))*10, 0) -> 0.31633007 | X24: =(W24*$B$1)/Y24 -> 3.1360964 | Y24: =VLOOKUP(C24,Configuración!$H$1:$I$11,2) -> 10 | AB24: =T24-A24 -> 1 | AC24: =Tabla2[[#This Row],[$ Retorno]]+AC23 -> 109.75565
A25: 45988 | C25: USDCHF | D25: DOWN | F25: DOWN | G25: 0.80554 | H25: =(G25-M25)/G25*10 -> -0.035504134 | I25: =(N25-G25)/G25*10 -> -0.16225141 | J25: =I25/H25 -> 4.5699301 | K25: =($C$1*ABS(H25))/M25 -> 4.9645643 | M25: 0.8084 | N25: 0.79247 | Q25: 0.80347 | R25: =ABS(($B$1) *(H25)) -> 3.5198798 | S25: =IF(X25=0,"Beakeven",IF(X25>0,"WIN","LOSE")) -> WIN | T25: 45989 | W25: =IF(Q25>0, IF(F25="DOWN", ((G25-Q25)/G25)*10, ((Q25-G25)/G25))*10, 0) -> 0.25697048 | X25: =(W25*$B$1)/Y25 -> 2.5476053 | Y25: =VLOOKUP(C25,Configuración!$H$1:$I$11,2) -> 10 | AB25: =T25-A25 -> 1 | AC25: =Tabla2[[#This Row],[$ Retorno]]+AC24 -> 112.30325
A26: 45988 | C26: CADCHF | D26: DOWN | F26: DOWN | G26: 0.57376 | H26: =(G26-M26)/G26*10 -> -0.052112381 | I26: =(N26-G26)/G26*10 -> -0.078255717 | J26: =I26/H26 -> 1.5016722 | K26: =($C$1*ABS(H26))/M26 -> 10.21367 | M26: 0.57675 | N26: 0.56927 | Q26: 0.57675 | R26: =ABS(($B$1) *(H26)) -> 5.1664215 | S26: =IF(X26=0,"Beakeven",IF(X26>0,"WIN","LOSE")) -> LOSE | T26: 45989 | W26: =IF(Q26>0, IF(F26="DOWN", ((G26-Q26)/G26)*10, ((Q26-G26)/G26))*10, 0) -> -0.52112381 | X26: =(W26*$B$1)/Y26 -> -5.1664215 | Y26: =VLOOKUP(C26,Configuración!$H$1:$I$11,2) -> 10 | AB26: =T26-A26 -> 1 | AC26: =Tabla2[[#This Row],[$ Retorno]]+AC25 -> 107.13683
A27: 45988 | C27: USDJPY | D27: UP | F27: UP | G27: 156.317 | H27: =(G27-M27)/G27*10 -> 0.036912172 | I27: =(N27-G27)/G27*10 -> 0.083164339 | J27: =I27/H27 -> 2.2530329 | K27: =($C$1*ABS(H27))/M27 -> 0.026791557 | M27: 155.74 | N27: 157.617 | Q27: 156.304 | R27: =ABS(($B$1) *(H27)) -> 3.6594727 | S27: =IF(X27=0,"Beakeven",IF(X27>0,"WIN","LOSE")) -> LOSE | T27: 45988 | W27: =IF(Q27>0, IF(F27="DOWN", ((G27-Q27)/G27)*10, ((Q27-G27)/G27))*10, 0) -> -0.00083164339 | X27: =(W27*$B$1)/Y27 -> -0.0082449126 | Y27: =VLOOKUP(C27,Configuración!$H$1:$I$11,2) -> 10 | AB27: =T27-A27 -> 0 | AC27: =Tabla2[[#This Row],[$ Retorno]]+AC26 -> 107.12858
A28: 45989 | C28: EURUSD | D28: UP | F28: UP | G28: 1.15712 | H28: =(G28-M28)/G28*10 -> 0.026877074 | I28: =(N28-G28)/G28*10 -> 0.069396433 | J28: =I28/H28 -> 2.5819936 | K28: =($C$1*ABS(H28))/M28 -> 2.6326973 | M28: 1.15401 | N28: 1.16515 | Q28: 1.15987 | R28: =ABS(($B$1) *(H28)) -> 2.6645931 | S28: =IF(X28=0,"Beakeven",IF(X28>0,"WIN","LOSE")) -> WIN | T28: 45989 | W28: =IF(Q28>0, IF(F28="DOWN", ((G28-Q28)/G28)*10, ((Q28-G28)/G28))*10, 0) -> 0.023765902 | X28: =(W28*$B$1)/Y28 -> 2.3561515 | Y28: =VLOOKUP(C28,Configuración!$H$1:$I$11,2) -> 1 | AB28: =T28-A28 -> 0 | AC28: =Tabla2[[#This Row],[$ Retorno]]+AC27 -> 109.48474
A29: 45994 | C29: CHFJPY | D29: DOWN | F29: DOWN | G29: 194.159 | H29: =(G29-M29)/G29*10 -> -0.015348246 | I29: =(N29-G29)/G29*10 -> -0.067315963 | J29: =I29/H29 -> 4.385906 | K29: =($C$1*ABS(H29))/M29 -> 0.0089220299 | M29: 194.457 | N29: 192.852 | Q29: 193.46 | R29: =ABS(($B$1) *(H29)) -> 1.5216251 | S29: =IF(X29=0,"Beakeven",IF(X29>0,"WIN","LOSE")) -> WIN | T29: 45995 | W29: =IF(Q29>0, IF(F29="DOWN", ((G29-Q29)/G29)*10, ((Q29-G29)/G29))*10, 0) -> 0.36001422 | X29: =(W29*$B$1)/Y29 -> 3.5691809 | Y29: =VLOOKUP(C29,Configuración!$H$1:$I$11,2) -> 10 | AB29: =T29-A29 -> 1 | AC29: =Tabla2[[#This Row],[$ Retorno]]+AC28 -> 113.05392
A30: 45994 | C30: USDCHF | D30: UP | F30: UP | G30: 0.80048 | H30: =(G30-M30)/G30*10 -> 0.053967619 | I30: =(N30-G30)/G30*10 -> 0.11955327 | J30: =I30/H30 -> 2.2152778 | K30: =($C$1*ABS(H30))/M30 -> 7.6623401 | M30: 0.79616 | N30: 0.81005 | Q30: 0.80036 | R30: =ABS(($B$1) *(H30)) -> 5.3503498 | S30: =IF(X30=0,"Beakeven",IF(X30>0,"WIN","LOSE")) -> LOSE | T30: 45995 | W30: =IF(Q30>0, IF(F30="DOWN", ((G30-Q30)/G30)*10, ((Q30-G30)/G30))*10, 0) -> -0.0014991005 | X30: =(W30*$B$1)/Y30 -> -0.014862083 | Y30: =VLOOKUP(C30,Configuración!$H$1:$I$11,2) -> 10 | AB30: =T30-A30 -> 1 | AC30: =Tabla2[[#This Row],[$ Retorno]]+AC29 -> 113.03906

Sheet Configuración
A1: Parámetro | B1: Valor | E1: SL | F1: TP | G1: TIEMPO | I1: Factor | J1: Quiebre_niveles | K1: Retornos
A2: Capital Inicial | B2: $100.00 | D2: DIRECCION DE MOVIMIENTO | E2: 1 | F2: 2 | G2: 5 | H2: AUDCAD | I2: 1 | J2: 0.68 | K2: 0.76
A3: Apalancamiento | B3: 50:1 | D3: QUIEBRES DE NIVELES | G3: 3 | H3: AUDUSD | I3: 1 | J3: 0.88 | K3: 0.74
A4: % Riesgo por operación | B4: 1.0% | D4: RETORNOS | H4: CADCHF | I4: 10 | J4: 0.82 | K4: 0.74
A5: SL (%) | B5: 0.01 | D5: UP | E5: SL | H5: CHFJPY | I5: 10 | J5: 0.87 | K5: 0.77
A6: TP (%) | B6: 0.02 | D6: DOWN | E6: TP | H6: EURAUD | I6: 10 | J6: 0.83 | K6: 0.72
D7: NAN | E7: TIEMPO | H7: EURUSD | I7: 1 | J7: 0.84 | K7: 0.82
E8: OTRO | H8: GBPUSD | I8: 1 | J8: 0.94 | K8: 0.92
A9: tiempor TripleEMA | B9: 5 dias | H9: USDCAD | I9: 1 | J9: 0.68 | K9: 0.72
H10: USDCHF | I10: 10 | J10: 0.88 | K10: 0.98
H11: USDJPY | I11: 10 | J11: 0.73 | K11: 0.84

Sheet TABLERO
